class_dir,label,cohesion,vecino_mas_cercano,sim_vecino,margen,zs_acc,tercil
steak,Steak,0.8752264,Filet mignon,0.9833450317382812,-0.10811865329742432,0.4666666666666667,dificil
filet_mignon,Filet mignon,0.88021153,Steak,0.9833450317382812,-0.10313349962234497,0.6666666666666666,dificil
baklava,Baklava,0.86182094,Apple pie,0.9583245515823364,-0.0965036153793335,0.8,dificil
pork_chop,Pork chop,0.87481505,Steak,0.9711605906486511,-0.09634554386138916,0.5666666666666667,dificil
apple_pie,Apple pie,0.8637249,Baklava,0.9583245515823364,-0.0945996642112732,0.6666666666666666,dificil
cheesecake,Cheesecake,0.8725507,Strawberry shortcake,0.9647685289382935,-0.09221780300140381,0.7,dificil
chocolate_mousse,Chocolate mousse,0.87298983,Tiramisu,0.9644233584403992,-0.09143352508544922,0.6333333333333333,dificil
breakfast_burrito,Breakfast burrito,0.8707655,Chicken quesadilla,0.9596786499023438,-0.08891314268112183,0.7333333333333333,dificil
prime_rib,Prime rib,0.8791786,Steak,0.9665809869766235,-0.08740240335464478,0.9333333333333333,dificil
beef_tartare,Beef tartare,0.88347924,Tuna tartare,0.9695383906364441,-0.08605915307998657,0.7333333333333333,dificil
bread_pudding,Bread pudding,0.86866295,Apple pie,0.9523144960403442,-0.08365154266357422,0.8333333333333334,dificil
ice_cream,Ice cream,0.86623627,Frozen yogurt,0.9490060806274414,-0.08276981115341187,0.7666666666666667,dificil
panna_cotta,Panna cotta,0.87694013,Chocolate mousse,0.9592244625091553,-0.08228433132171631,0.7333333333333333,dificil
samosa,Samosa,0.87225825,Spring rolls,0.9537272453308105,-0.08146899938583374,0.7666666666666667,dificil
strawberry_shortcake,Strawberry shortcake,0.88608825,Cheesecake,0.9647685289382935,-0.07868027687072754,0.8,dificil
foie_gras,Foie gras,0.874939,Pork chop,0.9519273042678833,-0.07698827981948853,0.5,dificil
ravioli,Ravioli,0.8818956,Gnocchi,0.9562275409698486,-0.07433193922042847,0.7333333333333333,dificil
creme_brulee,Creme brulee,0.8817496,Panna cotta,0.9543730020523071,-0.07262343168258667,0.9,dificil
frozen_yogurt,Frozen yogurt,0.87651944,Ice cream,0.9490060806274414,-0.07248663902282715,0.9333333333333333,dificil
tiramisu,Tiramisu,0.89210767,Chocolate mousse,0.9644233584403992,-0.07231569290161133,0.9333333333333333,dificil
tuna_tartare,Tuna tartare,0.8976971,Beef tartare,0.9695383906364441,-0.071841299533844,0.8333333333333334,dificil
chicken_quesadilla,Chicken quesadilla,0.8880357,Breakfast burrito,0.9596786499023438,-0.0716429352760315,0.8333333333333334,dificil
lasagna,Lasagna,0.87110084,Ravioli,0.942513108253479,-0.07141226530075073,0.5666666666666667,dificil
risotto,Risotto,0.87186426,Gnocchi,0.9429861903190613,-0.0711219310760498,0.7333333333333333,dificil
bruschetta,Bruschetta,0.87736195,Caprese salad,0.947938084602356,-0.07057613134384155,0.8666666666666667,dificil
ceviche,Ceviche,0.87226695,Tuna tartare,0.9417132139205933,-0.06944626569747925,0.6333333333333333,dificil
chocolate_cake,Chocolate cake,0.88684124,Red velvet cake,0.9558062553405762,-0.06896501779556274,0.8666666666666667,dificil
eggs_benedict,Eggs benedict,0.8927911,Croque madame,0.9599137306213379,-0.06712263822555542,0.8333333333333334,dificil
grilled_salmon,Grilled salmon,0.87955004,Pork chop,0.9457334280014038,-0.06618338823318481,0.7666666666666667,dificil
huevos_rancheros,Huevos rancheros,0.8762168,Breakfast burrito,0.9423421621322632,-0.06612533330917358,0.9,dificil
gnocchi,Gnocchi,0.89153796,Ravioli,0.9562275409698486,-0.06468957662582397,0.8,dificil
falafel,Falafel,0.8638957,Crab cakes,0.927536129951477,-0.06364041566848755,0.9666666666666667,dificil
cannoli,Cannoli,0.8806073,Beignets,0.9439586997032166,-0.06335139274597168,0.9333333333333333,dificil
pancakes,Pancakes,0.8896233,French toast,0.9518750309944153,-0.0622517466545105,0.8666666666666667,dificil
spring_rolls,Spring rolls,0.89176255,Samosa,0.9537272453308105,-0.06196469068527222,0.8,medio
peking_duck,Peking duck,0.8726648,Gyoza,0.9339375495910645,-0.06127274036407471,0.6666666666666666,medio
poutine,Poutine,0.88685995,French fries,0.9473094940185547,-0.06044954061508179,0.8,medio
croque_madame,Croque madame,0.8995214,Eggs benedict,0.9599137306213379,-0.06039232015609741,0.9,medio
escargots,Escargots,0.87437516,French onion soup,0.9346587657928467,-0.0602836012840271,0.8,medio
french_toast,French toast,0.8921983,Pancakes,0.9518750309944153,-0.05967670679092407,0.8666666666666667,medio
red_velvet_cake,Red velvet cake,0.89690006,Chocolate cake,0.9558062553405762,-0.0589061975479126,0.8333333333333334,medio
guacamole,Guacamole,0.877187,Nachos,0.9360366463661194,-0.05884963274002075,0.9,medio
churros,Churros,0.8664102,Onion rings,0.9245994091033936,-0.058189213275909424,0.9333333333333333,medio
beet_salad,Beet salad,0.89195246,Tuna tartare,0.9493817090988159,-0.05742925405502319,0.8,medio
hummus,Hummus,0.85818833,Escargots,0.9154179692268372,-0.05722963809967041,0.7666666666666667,medio
shrimp_and_grits,Shrimp and grits,0.89255977,Gnocchi,0.9497640132904053,-0.057204246520996094,0.8333333333333334,medio
grilled_cheese_sandwich,Grilled cheese sandwich,0.879052,Club sandwich,0.9351407885551453,-0.056088805198669434,0.6333333333333333,medio
fried_calamari,Fried calamari,0.88416755,Onion rings,0.9401187300682068,-0.05595117807388306,0.9333333333333333,medio
omelette,Omelette,0.88353306,Eggs benedict,0.9387778639793396,-0.0552448034286499,0.9,medio
french_onion_soup,French onion soup,0.883714,Creme brulee,0.9389035701751709,-0.055189549922943115,0.9333333333333333,medio
scallops,Scallops,0.88682085,Foie gras,0.9418973326683044,-0.0550764799118042,0.6666666666666666,medio
caprese_salad,Caprese salad,0.89291763,Bruschetta,0.947938084602356,-0.05502045154571533,0.9,medio
beef_carpaccio,Beef carpaccio,0.90084803,Tuna tartare,0.9552872180938721,-0.05443918704986572,0.9,medio
gyoza,Gyoza,0.8925566,Spring rolls,0.9464520215988159,-0.053895413875579834,0.8,medio
crab_cakes,Crab cakes,0.88019526,Scallops,0.9334766864776611,-0.053281426429748535,0.9333333333333333,medio
lobster_bisque,Lobster bisque,0.89798874,Clam chowder,0.9507907629013062,-0.05280202627182007,0.9333333333333333,medio
carrot_cake,Carrot cake,0.88249916,Chocolate cake,0.9334813356399536,-0.05098217725753784,0.9333333333333333,medio
hamburger,Hamburger,0.8750403,Club sandwich,0.9257059097290039,-0.05066561698913574,0.6666666666666666,medio
clam_chowder,Clam chowder,0.9003429,Lobster bisque,0.9507907629013062,-0.05044788122177124,0.8333333333333334,medio
takoyaki,Takoyaki,0.89052546,Gyoza,0.9384468793869019,-0.04792141914367676,0.8666666666666667,medio
chicken_curry,Chicken curry,0.87795776,Lobster bisque,0.9257595539093018,-0.04780179262161255,0.8333333333333334,medio
fried_rice,Fried rice,0.8879507,Pad thai,0.9348330497741699,-0.04688233137130737,0.9,medio
nachos,Nachos,0.88929546,Guacamole,0.9360366463661194,-0.04674118757247925,0.9,medio
french_fries,French fries,0.90088147,Poutine,0.9473094940185547,-0.046428024768829346,0.9,medio
beignets,Beignets,0.89850175,Cannoli,0.9439586997032166,-0.04545694589614868,0.8666666666666667,medio
greek_salad,Greek salad,0.90251315,Caesar salad,0.9472739696502686,-0.044760823249816895,0.9,medio
tacos,Tacos,0.8980169,Breakfast burrito,0.9420973658561707,-0.04408043622970581,0.7666666666666667,medio
garlic_bread,Garlic bread,0.87680644,Bruschetta,0.9207600355148315,-0.04395359754562378,0.8,facil
caesar_salad,Caesar salad,0.9058731,Greek salad,0.9472739696502686,-0.04140084981918335,0.9,facil
miso_soup,Miso soup,0.89870656,Hot and sour soup,0.9381751418113708,-0.039468586444854736,0.9333333333333333,facil
onion_rings,Onion rings,0.9008892,Fried calamari,0.9401187300682068,-0.039229512214660645,0.7333333333333333,facil
paella,Paella,0.8826861,Ceviche,0.9214547276496887,-0.038768649101257324,0.9,facil
pulled_pork_sandwich,Pulled pork sandwich,0.88569856,Hamburger,0.9242323637008667,-0.038533806800842285,0.9,facil
baby_back_ribs,Baby back ribs,0.89090437,Steak,0.9291749596595764,-0.03827059268951416,0.9,facil
waffles,Waffles,0.8959872,Pancakes,0.9339823126792908,-0.037995100021362305,0.8666666666666667,facil
pad_thai,Pad thai,0.8968519,Fried rice,0.9348330497741699,-0.03798115253448486,0.8666666666666667,facil
macaroni_and_cheese,Macaroni and cheese,0.8822235,Gnocchi,0.919224202632904,-0.03700071573257446,0.7666666666666667,facil
club_sandwich,Club sandwich,0.9002324,Grilled cheese sandwich,0.9351407885551453,-0.034908413887023926,1.0,facil
spaghetti_carbonara,Spaghetti carbonara,0.91015893,Spaghetti bolognese,0.9436507225036621,-0.03349179029464722,0.9666666666666667,facil
hot_and_sour_soup,Hot and sour soup,0.9091837,Miso soup,0.9381751418113708,-0.0289914608001709,0.9666666666666667,facil
spaghetti_bolognese,Spaghetti bolognese,0.9174933,Spaghetti carbonara,0.9436507225036621,-0.0261574387550354,0.9666666666666667,facil
deviled_eggs,Deviled eggs,0.8876621,Caprese salad,0.9122071862220764,-0.02454507350921631,1.0,facil
ramen,Ramen,0.91246474,Pho,0.9360789060592651,-0.023614168167114258,0.7333333333333333,facil
sushi,Sushi,0.9164692,Sashimi,0.937809407711029,-0.02134019136428833,0.9,facil
sashimi,Sashimi,0.916803,Sushi,0.937809407711029,-0.021006405353546143,0.9333333333333333,facil
hot_dog,Hot dog,0.88385755,Lobster roll sandwich,0.902266263961792,-0.01840871572494507,0.9666666666666667,facil
bibimbap,Bibimbap,0.90791523,Ramen,0.9251635074615479,-0.01724827289581299,0.9333333333333333,facil
seaweed_salad,Seaweed salad,0.8985469,Caesar salad,0.9149983525276184,-0.016451478004455566,0.8666666666666667,facil
mussels,Mussels,0.90771145,Oysters,0.9236589670181274,-0.01594752073287964,0.9,facil
cheese_plate,Cheese plate,0.8724501,Beet salad,0.8837888836860657,-0.011338770389556885,0.9333333333333333,facil
chicken_wings,Chicken wings,0.89427674,Fried calamari,0.903770923614502,-0.009494185447692871,1.0,facil
fish_and_chips,Fish and chips,0.89753807,French fries,0.9064623713493347,-0.008924305438995361,1.0,facil
lobster_roll_sandwich,Lobster roll sandwich,0.89552534,Hot dog,0.902266263961792,-0.006740927696228027,0.9666666666666667,facil
cup_cakes,Cup cakes,0.89186794,Red velvet cake,0.8986028432846069,-0.006734907627105713,0.7666666666666667,facil
pho,Pho,0.9316147,Ramen,0.9360789060592651,-0.004464209079742432,1.0,facil
oysters,Oysters,0.92471415,Mussels,0.9236589670181274,0.0010551810264587402,1.0,facil
pizza,Pizza,0.9016798,Lasagna,0.8957952260971069,0.00588458776473999,0.9666666666666667,facil
donuts,Donuts,0.889252,Cup cakes,0.8828173875808716,0.006434619426727295,0.9333333333333333,facil
macarons,Macarons,0.9049739,Cup cakes,0.8705587387084961,0.03441518545150757,0.9666666666666667,facil
dumplings,Dumplings,0.9327715,Gyoza,0.879828155040741,0.05294334888458252,1.0,facil
edamame,Edamame,0.9209226,Seaweed salad,0.8609594702720642,0.059963107109069824,0.9666666666666667,facil
