step,epoch,loss,learning_rate,grad_norm,split,eval_accuracy,eval_f1_macro,eval_f1_weighted,eval_loss,eval_runtime,eval_samples_per_second,eval_steps_per_second
200,0.04693733865289838,4.61859619140625,2.3351325979816945e-05,1.4265689849853516,train,,,,,,,
400,0.09387467730579677,4.58716796875,4.6819995306266136e-05,1.824831247329712,train,,,,,,,
600,0.14081201595869514,4.489994506835938,7.028866463271532e-05,2.103802442550659,train,,,,,,,
800,0.18774935461159353,4.231603393554687,9.375733395916451e-05,2.600914239883423,train,,,,,,,
1000,0.2346866932644919,3.8605722045898436,0.00011722600328561372,2.922424554824829,train,,,,,,,
1200,0.28162403191739027,3.5211727905273436,0.0001406946726120629,3.5076732635498047,train,,,,,,,
1400,0.32856137057028867,3.215493469238281,0.00016416334193851209,7.209228992462158,train,,,,,,,
1600,0.37549870922318707,2.94113525390625,0.0001876320112649613,6.9852190017700195,train,,,,,,,
1800,0.4224360478760854,2.7972891235351565,0.00021110068059141047,5.482576370239258,train,,,,,,,
2000,0.4693733865289838,2.550883331298828,0.00023456934991785967,6.507266044616699,train,,,,,,,
2200,0.5163107251818821,2.375785675048828,0.0002580380192443089,4.910533905029297,train,,,,,,,
2400,0.5632480638347805,2.2284805297851564,0.0002815066885707581,7.799113750457764,train,,,,,,,
2600,0.6101854024876789,2.114204864501953,0.0003049753578972073,10.100499153137207,train,,,,,,,
2800,0.6571227411405773,2.0404432678222655,0.0003284440272236564,7.018735408782959,train,,,,,,,
3000,0.7040600797934757,1.9156381225585937,0.0003519126965501056,8.4735689163208,train,,,,,,,
3200,0.7509974184463741,1.8658345031738282,0.0003753813658765548,9.79422664642334,train,,,,,,,
3400,0.7979347570992724,1.756476593017578,0.000398850035203004,8.139609336853027,train,,,,,,,
3600,0.8448720957521708,1.734635772705078,0.0004223187045294532,6.958652496337891,train,,,,,,,
3800,0.8918094344050692,1.689938507080078,0.0004457873738559024,7.681128025054932,train,,,,,,,
4000,0.9387467730579676,1.671190948486328,0.00046925604318235156,8.117704391479492,train,,,,,,,
4200,0.985684111710866,1.6831735229492188,0.0004927247125088007,7.004347801208496,train,,,,,,,
4261,1.0,,,,val,0.6132013201320132,0.6051811195367415,0.6051811195367415,1.4858014583587646,41.481,182.614,11.427
4400,1.0326214503637643,1.5479151916503906,0.0004991477167455132,8.789849281311035,train,,,,,,,
4600,1.0795587890166627,1.5795521545410156,0.0004979125236230685,10.384469032287598,train,,,,,,,
4800,1.126496127669561,1.5412265014648439,0.0004966773305006238,7.053430080413818,train,,,,,,,
5000,1.1734334663224595,1.4818829345703124,0.0004954421373781792,7.4970502853393555,train,,,,,,,
5200,1.2203708049753579,1.5285311889648439,0.0004942069442557343,8.52475357055664,train,,,,,,,
5400,1.2673081436282563,1.4250119018554688,0.0004929717511332897,6.945387363433838,train,,,,,,,
5600,1.3142454822811547,1.4496995544433593,0.000491736558010845,7.340461254119873,train,,,,,,,
5800,1.361182820934053,1.4204302978515626,0.0004905013648884003,7.796154975891113,train,,,,,,,
6000,1.4081201595869515,1.3911756896972656,0.0004892661717659557,8.070237159729004,train,,,,,,,
6200,1.4550574982398499,1.4354380798339843,0.00048803097864351093,8.03272533416748,train,,,,,,,
6400,1.5019948368927483,1.3729685974121093,0.00048679578552106626,9.844599723815918,train,,,,,,,
6600,1.5489321755456467,1.2814767456054688,0.00048556059239862154,6.058260917663574,train,,,,,,,
6800,1.595869514198545,1.3318603515625,0.00048432539927617687,9.674592971801758,train,,,,,,,
7000,1.6428068528514435,1.3711932373046876,0.00048309020615373214,5.036900043487549,train,,,,,,,
7200,1.6897441915043419,1.254460678100586,0.0004818550130312874,4.440080165863037,train,,,,,,,
7400,1.7366815301572402,1.2907499694824218,0.00048061981990884275,7.679208755493164,train,,,,,,,
7600,1.7836188688101384,1.245933837890625,0.00047938462678639803,8.017602920532227,train,,,,,,,
7800,1.8305562074630368,1.2654100799560546,0.00047814943366395336,6.046445369720459,train,,,,,,,
8000,1.8774935461159352,1.2869105529785156,0.0004769142405415087,5.071823596954346,train,,,,,,,
8200,1.9244308847688336,1.2174135589599608,0.00047567904741906397,5.313921928405762,train,,,,,,,
8400,1.971368223421732,1.2539054870605468,0.0004744438542966193,5.504363059997559,train,,,,,,,
8522,2.0,,,,val,0.6957095709570957,0.6966747422102224,0.696674742210222,1.1553223133087158,32.0562,236.304,14.787
8600,2.01830556207463,1.1360079956054687,0.00047320866117417463,8.153036117553711,train,,,,,,,
8800,2.0652429007275286,1.0512937164306642,0.0004719734680517299,6.085318088531494,train,,,,,,,
9000,2.112180239380427,1.07886474609375,0.00047073827492928523,6.001065254211426,train,,,,,,,
9200,2.1591175780333254,1.0748444366455079,0.00046950308180684046,5.5118889808654785,train,,,,,,,
9400,2.2060549166862238,1.1502971649169922,0.0004682678886843958,8.849149703979492,train,,,,,,,
9600,2.252992255339122,1.083875961303711,0.0004670326955619511,6.083064556121826,train,,,,,,,
9800,2.2999295939920206,1.1045232391357422,0.0004657975024395064,6.626462459564209,train,,,,,,,
10000,2.346866932644919,1.095472412109375,0.0004645623093170617,4.0235981941223145,train,,,,,,,
10200,2.3938042712978174,1.0735801696777343,0.00046332711619461706,8.734579086303711,train,,,,,,,
10400,2.4407416099507158,1.0644683837890625,0.00046209192307217233,7.707059383392334,train,,,,,,,
10600,2.487678948603614,1.093203125,0.00046085672994972766,5.847183704376221,train,,,,,,,
10800,2.5346162872565126,1.0282105255126952,0.000459621536827283,6.551491737365723,train,,,,,,,
11000,2.581553625909411,1.0810961151123046,0.00045838634370483827,6.527865409851074,train,,,,,,,
11200,2.6284909645623094,1.113580551147461,0.0004571511505823936,5.360665321350098,train,,,,,,,
11400,2.6754283032152077,1.0631295013427735,0.0004559159574599488,7.259120464324951,train,,,,,,,
11600,2.722365641868106,1.0360287475585936,0.00045468076433750415,7.519307613372803,train,,,,,,,
11800,2.7693029805210045,1.0472210693359374,0.0004534455712150595,5.510459899902344,train,,,,,,,
12000,2.816240319173903,1.0927449798583984,0.00045221037809261476,8.055792808532715,train,,,,,,,
12200,2.8631776578268013,1.0400401306152345,0.0004509751849701701,7.968591690063477,train,,,,,,,
12400,2.9101149964796997,1.0461743927001954,0.0004497399918477254,10.215728759765625,train,,,,,,,
12600,2.957052335132598,1.0167298126220703,0.0004485047987252807,3.9676895141601562,train,,,,,,,
12783,3.0,,,,val,0.7227722772277227,0.7231402582250618,0.7231402582250619,1.075412392616272,41.7,181.655,11.367
12800,3.0039896737854965,1.0419381713867188,0.00044726960560283603,4.613012313842773,train,,,,,,,
13000,3.050927012438395,0.9018098449707032,0.00044603441248039136,7.336267471313477,train,,,,,,,
13200,3.0978643510912933,0.927491683959961,0.00044479921935794664,8.837224006652832,train,,,,,,,
13400,3.1448016897441917,0.9176107025146485,0.0004435640262355019,6.416208744049072,train,,,,,,,
13600,3.19173902839709,0.9621474456787109,0.0004423288331130572,7.945565700531006,train,,,,,,,
13800,3.238676367049988,0.8773313903808594,0.0004410936399906125,5.967645168304443,train,,,,,,,
14000,3.2856137057028865,0.9463462066650391,0.00043985844686816785,10.065340995788574,train,,,,,,,
14200,3.332551044355785,0.8810616302490234,0.00043862325374572313,7.691073894500732,train,,,,,,,
14400,3.3794883830086833,0.9224690246582031,0.00043738806062327846,7.208342552185059,train,,,,,,,
14600,3.4264257216615817,0.9628421020507812,0.0004361528675008338,5.12345552444458,train,,,,,,,
14800,3.47336306031448,0.9337064361572266,0.00043491767437838907,5.473639488220215,train,,,,,,,
15000,3.5203003989673785,0.9325641632080078,0.0004336824812559444,11.364569664001465,train,,,,,,,
15200,3.567237737620277,0.9332176208496094,0.00043244728813349973,9.520148277282715,train,,,,,,,
15400,3.6141750762731752,0.8794544219970704,0.00043121209501105495,3.542940378189087,train,,,,,,,
15600,3.6611124149260736,0.9349662780761718,0.0004299769018886103,7.927220821380615,train,,,,,,,
15800,3.708049753578972,0.9575856781005859,0.00042874170876616556,8.4996976852417,train,,,,,,,
16000,3.7549870922318704,0.8980732727050781,0.0004275065156437209,6.687490463256836,train,,,,,,,
16200,3.801924430884769,0.9102251434326172,0.0004262713225212762,2.976201057434082,train,,,,,,,
16400,3.8488617695376672,0.9418110656738281,0.0004250361293988315,5.714793682098389,train,,,,,,,
16600,3.8957991081905656,0.9232945251464844,0.0004238009362763868,9.750968933105469,train,,,,,,,
16800,3.942736446843464,0.9254529571533203,0.00042256574315394216,6.763165473937988,train,,,,,,,
17000,3.9896737854963624,0.877881851196289,0.00042133055003149743,4.2794342041015625,train,,,,,,,
17044,4.0,,,,val,0.7427062706270627,0.7388350871203624,0.7388350871203624,1.0013482570648193,40.8663,185.361,11.599
17200,4.03661112414926,0.8080140686035157,0.00042009535690905276,6.189029216766357,train,,,,,,,
17400,4.083548462802159,0.74508544921875,0.00041886016378660804,5.893786907196045,train,,,,,,,
17600,4.130485801455057,0.8239197540283203,0.0004176249706641633,6.348827838897705,train,,,,,,,
17800,4.177423140107956,0.7608882141113281,0.00041638977754171865,4.872622966766357,train,,,,,,,
18000,4.224360478760854,0.7881595611572265,0.000415154584419274,8.65567398071289,train,,,,,,,
18200,4.271297817413752,0.7847684478759765,0.00041391939129682925,8.3431396484375,train,,,,,,,
18400,4.318235156066651,0.8019775390625,0.0004126841981743846,7.328457832336426,train,,,,,,,
18600,4.365172494719549,0.8060391235351563,0.00041144900505193986,2.196059226989746,train,,,,,,,
18800,4.4121098333724476,0.8072679138183594,0.0004102138119294952,6.284121513366699,train,,,,,,,
19000,4.459047172025346,0.7870735931396484,0.0004089786188070505,8.613505363464355,train,,,,,,,
19200,4.505984510678244,0.8365410614013672,0.0004077434256846058,4.661071300506592,train,,,,,,,
19400,4.552921849331143,0.8527371215820313,0.00040650823256216113,4.994710445404053,train,,,,,,,
19600,4.599859187984041,0.8304318237304688,0.0004052730394397164,2.967864751815796,train,,,,,,,
19800,4.6467965266369395,0.8428265380859375,0.0004040378463172717,5.547669887542725,train,,,,,,,
20000,4.693733865289838,0.8322142028808593,0.000402802653194827,8.025593757629395,train,,,,,,,
20200,4.740671203942736,0.8263619232177735,0.00040156746007238234,6.9349212646484375,train,,,,,,,
20400,4.787608542595635,0.8174354553222656,0.0004003322669499376,5.266172885894775,train,,,,,,,
20600,4.834545881248533,0.8194002532958984,0.00039909707382749295,4.594366073608398,train,,,,,,,
20800,4.8814832199014315,0.8029187774658203,0.00039786188070504823,3.6704750061035156,train,,,,,,,
21000,4.92842055855433,0.825778579711914,0.00039662668758260356,11.550008773803711,train,,,,,,,
21200,4.975357897207228,0.8308680725097656,0.0003953914944601589,6.882014751434326,train,,,,,,,
21305,5.0,,,,val,0.7421782178217822,0.742978615980161,0.7429786159801607,1.0507473945617676,40.9553,184.958,11.574
21400,5.022295235860127,0.7770209503173828,0.00039415630133771417,3.1477489471435547,train,,,,,,,
21600,5.069232574513025,0.7114151763916016,0.00039292110821526944,5.632770538330078,train,,,,,,,
21800,5.1161699131659235,0.7260683441162109,0.0003916859150928248,6.427680015563965,train,,,,,,,
22000,5.163107251818822,0.7089328765869141,0.00039045072197038005,1.5490754842758179,train,,,,,,,
22200,5.21004459047172,0.6902674865722657,0.0003892155288479354,6.333116054534912,train,,,,,,,
22400,5.256981929124619,0.7035214996337891,0.0003879803357254907,7.051033020019531,train,,,,,,,
22600,5.303919267777517,0.7449755096435546,0.000386745142603046,6.54459285736084,train,,,,,,,
22800,5.3508566064304155,0.7307180023193359,0.0003855099494806013,4.84344482421875,train,,,,,,,
23000,5.397793945083314,0.703147201538086,0.0003842747563581566,7.975180625915527,train,,,,,,,
23200,5.444731283736212,0.7080994415283203,0.0003830395632357119,5.335824489593506,train,,,,,,,
23400,5.491668622389111,0.7258438873291015,0.00038180437011326726,1.6515345573425293,train,,,,,,,
23600,5.538605961042009,0.6888597106933594,0.0003805691769908225,6.917834758758545,train,,,,,,,
23800,5.5855432996949075,0.7436093139648438,0.0003793339838683778,4.998696327209473,train,,,,,,,
24000,5.632480638347806,0.7059782409667968,0.00037809879074593314,4.032631874084473,train,,,,,,,
24200,5.679417977000704,0.749388198852539,0.0003768635976234884,6.374555587768555,train,,,,,,,
24400,5.726355315653603,0.7235108947753907,0.00037562840450104375,6.568778991699219,train,,,,,,,
24600,5.773292654306501,0.7170842742919922,0.0003743932113785991,2.892418146133423,train,,,,,,,
24800,5.8202299929593995,0.7078144073486328,0.00037315801825615435,7.883408546447754,train,,,,,,,
25000,5.867167331612298,0.7501180267333984,0.0003719228251337097,6.114874839782715,train,,,,,,,
25200,5.914104670265196,0.7739630126953125,0.00037068763201126496,6.2445573806762695,train,,,,,,,
25400,5.961042008918095,0.7383096313476563,0.0003694524388888203,6.471485614776611,train,,,,,,,
25566,6.0,,,,val,0.7679207920792079,0.7685563303317947,0.7685563303317945,0.9263871312141418,39.9677,189.528,11.86
25600,6.007979347570993,0.7342230987548828,0.0003682172457663756,5.84232234954834,train,,,,,,,
25800,6.0549166862238915,0.6057618713378906,0.00036698205264393084,2.5721235275268555,train,,,,,,,
26000,6.10185402487679,0.614755744934082,0.0003657468595214862,4.997272968292236,train,,,,,,,
26200,6.148791363529688,0.6176945877075195,0.0003645116663990415,10.586274147033691,train,,,,,,,
26400,6.195728702182587,0.6130335998535156,0.0003632764732765968,5.783237934112549,train,,,,,,,
26600,6.242666040835485,0.6170081329345704,0.0003620412801541521,5.147104740142822,train,,,,,,,
26800,6.289603379488383,0.6035922241210937,0.00036080608703170744,9.524949073791504,train,,,,,,,
27000,6.336540718141281,0.6696175384521484,0.0003595708939092627,6.747389793395996,train,,,,,,,
27200,6.38347805679418,0.6552408599853515,0.00035833570078681805,2.127338409423828,train,,,,,,,
27400,6.430415395447078,0.628552360534668,0.00035710050766437333,5.267995834350586,train,,,,,,,
27600,6.477352734099976,0.673809814453125,0.00035586531454192866,7.285618305206299,train,,,,,,,
27800,6.5242900727528745,0.6798410034179687,0.00035463012141948393,7.521336555480957,train,,,,,,,
28000,6.571227411405773,0.6557089233398438,0.0003533949282970392,4.753813743591309,train,,,,,,,
28200,6.618164750058671,0.6763420867919921,0.00035215973517459454,8.028572082519531,train,,,,,,,
28400,6.66510208871157,0.6675503540039063,0.00035092454205214987,6.530431747436523,train,,,,,,,
28600,6.712039427364468,0.6608058929443359,0.00034968934892970515,5.309518337249756,train,,,,,,,
28800,6.7589767660173665,0.6215459442138672,0.0003484541558072605,8.496706008911133,train,,,,,,,
29000,6.805914104670265,0.6632552337646485,0.0003472189626848158,12.510335922241211,train,,,,,,,
29200,6.852851443323163,0.6269712829589844,0.0003459837695623711,5.0423359870910645,train,,,,,,,
29400,6.899788781976062,0.6713669586181641,0.0003447485764399264,8.716299057006836,train,,,,,,,
29600,6.94672612062896,0.6854655456542968,0.0003435133833174817,4.697020053863525,train,,,,,,,
29800,6.9936634592818585,0.7088630676269532,0.00034227819019503697,6.051938533782959,train,,,,,,,
29827,7.0,,,,val,0.7813861386138614,0.7802953115809272,0.7802953115809271,0.8951088190078735,39.4416,192.056,12.018
30000,7.040600797934757,0.5851821517944336,0.0003410429970725923,5.453465461730957,train,,,,,,,
30200,7.087538136587655,0.6025040817260742,0.0003398078039501476,11.151372909545898,train,,,,,,,
30400,7.134475475240554,0.5467632293701172,0.0003385726108277029,7.386087417602539,train,,,,,,,
30600,7.181412813893452,0.5842440795898437,0.00033733741770525824,3.9728450775146484,train,,,,,,,
30800,7.2283501525463505,0.5783953094482421,0.0003361022245828135,5.305536270141602,train,,,,,,,
31000,7.275287491199249,0.6043741226196289,0.00033486703146036885,7.603700160980225,train,,,,,,,
31200,7.322224829852147,0.5924070739746093,0.0003336318383379242,6.49840784072876,train,,,,,,,
31400,7.369162168505046,0.5696937942504883,0.00033239664521547945,7.815179824829102,train,,,,,,,
31600,7.416099507157944,0.5858803176879883,0.0003311614520930348,4.83237361907959,train,,,,,,,
31800,7.4630368458108425,0.5791209030151367,0.00032992625897059,7.69981050491333,train,,,,,,,
32000,7.509974184463741,0.5695476150512695,0.00032869106584814534,7.715564727783203,train,,,,,,,
32200,7.556911523116639,0.6037343597412109,0.00032745587272570067,14.298129081726074,train,,,,,,,
32400,7.603848861769538,0.5673670959472656,0.00032622067960325594,5.874771595001221,train,,,,,,,
32600,7.650786200422436,0.6215486145019531,0.0003249854864808113,5.440161228179932,train,,,,,,,
32800,7.6977235390753345,0.586091537475586,0.0003237502933583666,5.709347724914551,train,,,,,,,
33000,7.744660877728233,0.592218017578125,0.0003225151002359219,6.961613655090332,train,,,,,,,
33200,7.791598216381131,0.6000693130493164,0.0003212799071134772,4.1350579261779785,train,,,,,,,
33400,7.83853555503403,0.5785045623779297,0.00032004471399103254,5.832393169403076,train,,,,,,,
33600,7.885472893686928,0.5838360595703125,0.0003188095208685878,7.033620357513428,train,,,,,,,
33800,7.9324102323398265,0.5834143829345703,0.00031757432774614315,8.79336929321289,train,,,,,,,
34000,7.979347570992725,0.6137594223022461,0.0003163391346236984,7.591519355773926,train,,,,,,,
34088,8.0,,,,val,0.7852145214521452,0.7867525336455292,0.7867525336455293,0.8958213329315186,41.1414,184.121,11.521
34200,8.026284909645623,0.5272550201416015,0.0003151039415012537,4.149824619293213,train,,,,,,,
34400,8.07322224829852,0.46826908111572263,0.00031386874837880903,5.322014808654785,train,,,,,,,
34600,8.12015958695142,0.47846935272216795,0.0003126335552563643,6.298912525177002,train,,,,,,,
34800,8.167096925604318,0.5243690490722657,0.00031139836213391964,5.633596897125244,train,,,,,,,
35000,8.214034264257217,0.4839803695678711,0.00031016316901147497,7.70562219619751,train,,,,,,,
35200,8.260971602910114,0.4734732437133789,0.00030892797588903025,3.775632619857788,train,,,,,,,
35400,8.307908941563014,0.5062714767456055,0.0003076927827665856,3.954925775527954,train,,,,,,,
35600,8.354846280215911,0.49957172393798827,0.0003064575896441409,5.762208461761475,train,,,,,,,
35800,8.40178361886881,0.4975192642211914,0.0003052223965216962,6.313687324523926,train,,,,,,,
36000,8.448720957521708,0.5453641891479493,0.00030398720339925146,11.749979019165039,train,,,,,,,
36200,8.495658296174607,0.5174689865112305,0.00030275201027680674,4.872973918914795,train,,,,,,,
36400,8.542595634827505,0.5302875518798829,0.00030151681715436207,4.39887809753418,train,,,,,,,
36600,8.589532973480404,0.5225174713134766,0.0003002816240319174,3.4111931324005127,train,,,,,,,
36800,8.636470312133302,0.5012140274047852,0.0002990464309094727,6.877896308898926,train,,,,,,,
37000,8.6834076507862,0.533768196105957,0.000297811237787028,8.271285057067871,train,,,,,,,
37200,8.730344989439098,0.49980857849121096,0.00029657604466458334,4.530818462371826,train,,,,,,,
37400,8.777282328091998,0.5333831024169922,0.0002953408515421386,4.376000881195068,train,,,,,,,
37600,8.824219666744895,0.5126140975952148,0.00029410565841969395,5.462859630584717,train,,,,,,,
37800,8.871157005397794,0.5391409683227539,0.0002928704652972493,9.190411567687988,train,,,,,,,
38000,8.918094344050692,0.5558054733276367,0.0002916352721748045,6.899237155914307,train,,,,,,,
38200,8.965031682703591,0.5574658966064453,0.00029040007905235983,8.871418952941895,train,,,,,,,
38349,9.0,,,,val,0.793003300330033,0.792333723707953,0.7923337237079531,0.8692386150360107,41.8926,180.819,11.315
38400,9.011969021356489,0.5407697296142578,0.0002891648859299151,5.03889274597168,train,,,,,,,
38600,9.058906360009388,0.4181855392456055,0.00028792969280747044,4.544382095336914,train,,,,,,,
38800,9.105843698662285,0.4085414123535156,0.00028669449968502577,6.573498249053955,train,,,,,,,
39000,9.152781037315185,0.4499449157714844,0.00028545930656258104,12.255736351013184,train,,,,,,,
39200,9.199718375968082,0.4293416595458984,0.0002842241134401364,4.976259231567383,train,,,,,,,
39400,9.246655714620982,0.4555962371826172,0.0002829889203176917,2.380258321762085,train,,,,,,,
39600,9.293593053273879,0.46440032958984373,0.000281753727195247,8.013684272766113,train,,,,,,,
39800,9.340530391926778,0.45771533966064454,0.0002805185340728023,8.03409481048584,train,,,,,,,
40000,9.387467730579676,0.4446746063232422,0.0002792833409503576,5.073802471160889,train,,,,,,,
40200,9.434405069232575,0.429605598449707,0.00027804814782791287,7.222456932067871,train,,,,,,,
40400,9.481342407885473,0.4646146774291992,0.0002768129547054682,4.756863117218018,train,,,,,,,
40600,9.528279746538372,0.4559967041015625,0.00027557776158302353,6.910558223724365,train,,,,,,,
40800,9.57521708519127,0.4856694793701172,0.0002743425684605788,5.715513706207275,train,,,,,,,
41000,9.622154423844169,0.4628352737426758,0.00027310737533813413,4.417584419250488,train,,,,,,,
41200,9.669091762497066,0.4819565200805664,0.0002718721822156894,5.883124828338623,train,,,,,,,
41400,9.716029101149966,0.4982866668701172,0.00027063698909324474,6.1093549728393555,train,,,,,,,
41600,9.762966439802863,0.4886954879760742,0.00026940179597080007,8.658907890319824,train,,,,,,,
41800,9.809903778455762,0.47532169342041014,0.00026816660284835535,9.854187965393066,train,,,,,,,
42000,9.85684111710866,0.42154083251953123,0.0002669314097259107,9.350050926208496,train,,,,,,,
42200,9.90377845576156,0.46589916229248046,0.00026569621660346596,8.808684349060059,train,,,,,,,
42400,9.950715794414457,0.4599143600463867,0.00026446102348102123,5.249244689941406,train,,,,,,,
42600,9.997653133067356,0.4810387802124023,0.00026322583035857656,10.286186218261719,train,,,,,,,
42610,10.0,,,,val,0.8007920792079208,0.7999705052033422,0.7999705052033422,0.8712396621704102,40.8417,185.472,11.606
42800,10.044590471720253,0.3806218338012695,0.0002619906372361319,7.814278602600098,train,,,,,,,
43000,10.091527810373153,0.4100223159790039,0.00026075544411368717,6.537746906280518,train,,,,,,,
43200,10.13846514902605,0.37983074188232424,0.0002595202509912425,7.3979315757751465,train,,,,,,,
43400,10.185402487678948,0.35707828521728513,0.0002582850578687978,8.317874908447266,train,,,,,,,
43600,10.232339826331847,0.39195846557617187,0.0002570498647463531,4.724319934844971,train,,,,,,,
43800,10.279277164984745,0.39977039337158204,0.00025581467162390844,5.2606401443481445,train,,,,,,,
44000,10.326214503637644,0.3955059432983398,0.0002545794785014637,9.438912391662598,train,,,,,,,
44200,10.373151842290541,0.396072998046875,0.000253344285379019,5.755167484283447,train,,,,,,,
44400,10.42008918094344,0.40716705322265623,0.0002521090922565743,0.7523634433746338,train,,,,,,,
44600,10.467026519596338,0.4372060775756836,0.0002508738991341296,3.7300286293029785,train,,,,,,,
44800,10.513963858249237,0.40574958801269534,0.00024963870601168493,5.588890552520752,train,,,,,,,
45000,10.560901196902135,0.39850482940673826,0.00024840351288924026,7.306783199310303,train,,,,,,,
45200,10.607838535555034,0.37608062744140625,0.00024716831976679554,14.404257774353027,train,,,,,,,
45400,10.654775874207932,0.41315967559814454,0.00024593312664435087,7.231171131134033,train,,,,,,,
45600,10.701713212860831,0.4127754974365234,0.00024469793352190614,6.052087783813477,train,,,,,,,
45800,10.748650551513729,0.41684177398681643,0.00024346274039946145,3.452249050140381,train,,,,,,,
46000,10.795587890166628,0.43768898010253904,0.00024222754727701675,5.478621006011963,train,,,,,,,
46200,10.842525228819525,0.4395878219604492,0.00024099235415457208,9.631270408630371,train,,,,,,,
46400,10.889462567472425,0.43423885345458985,0.00023975716103212739,9.301492691040039,train,,,,,,,
46600,10.936399906125322,0.40620922088623046,0.0002385219679096827,5.7222371101379395,train,,,,,,,
46800,10.983337244778221,0.3918402862548828,0.000237286774787238,6.997860908508301,train,,,,,,,
46871,11.0,,,,val,0.8056765676567657,0.8047681524199102,0.8047681524199102,0.8644214868545532,40.7342,185.962,11.636
47000,11.030274583431119,0.37461956024169923,0.0002360515816647933,3.6827969551086426,train,,,,,,,
47200,11.077211922084018,0.3138346290588379,0.0002348163885423486,9.351242065429688,train,,,,,,,
47400,11.124149260736916,0.3330890655517578,0.0002335811954199039,6.931222438812256,train,,,,,,,
47600,11.171086599389815,0.33875308990478514,0.00023234600229745923,5.738738536834717,train,,,,,,,
47800,11.218023938042712,0.32378780364990234,0.0002311108091750145,7.1184163093566895,train,,,,,,,
48000,11.264961276695612,0.32977531433105467,0.00022987561605256981,6.431023597717285,train,,,,,,,
48200,11.31189861534851,0.35975486755371094,0.00022864042293012512,4.832472324371338,train,,,,,,,
48400,11.358835954001409,0.3674018859863281,0.00022740522980768045,3.8220608234405518,train,,,,,,,
48600,11.405773292654306,0.35764762878417966,0.00022617003668523575,6.994758605957031,train,,,,,,,
48800,11.452710631307205,0.36169681549072263,0.00022493484356279103,7.646302223205566,train,,,,,,,
49000,11.499647969960103,0.34412216186523437,0.00022369965044034636,3.4999048709869385,train,,,,,,,
49200,11.546585308613002,0.3499161148071289,0.00022246445731790166,7.495665073394775,train,,,,,,,
49400,11.5935226472659,0.3338503646850586,0.00022122926419545697,9.158265113830566,train,,,,,,,
49600,11.640459985918799,0.3523742294311523,0.00021999407107301227,7.7349853515625,train,,,,,,,
49800,11.687397324571696,0.3867068099975586,0.00021875887795056757,5.2536516189575195,train,,,,,,,
50000,11.734334663224596,0.35486320495605467,0.00021752368482812288,9.379186630249023,train,,,,,,,
50200,11.781272001877493,0.3831041717529297,0.00021628849170567818,7.146667957305908,train,,,,,,,
50400,11.828209340530393,0.3272115707397461,0.00021505329858323348,6.856842041015625,train,,,,,,,
50600,11.87514667918329,0.3259658432006836,0.00021381810546078882,0.3576916456222534,train,,,,,,,
50800,11.92208401783619,0.35773033142089844,0.0002125829123383441,2.983522415161133,train,,,,,,,
51000,11.969021356489087,0.3789962387084961,0.0002113477192158994,9.32841682434082,train,,,,,,,
51132,12.0,,,,val,0.8038283828382838,0.8044618126573081,0.8044618126573078,0.9178194403648376,40.536,186.871,11.693
51200,12.015958695141986,0.3543891906738281,0.00021011252609345473,6.902518272399902,train,,,,,,,
51400,12.062896033794884,0.29413331985473634,0.00020887733297101003,5.184349536895752,train,,,,,,,
51600,12.109833372447783,0.2529018592834473,0.00020764213984856533,6.979137897491455,train,,,,,,,
51800,12.15677071110068,0.27346359252929686,0.0002064069467261206,19.367395401000977,train,,,,,,,
52000,12.20370804975358,0.2965464782714844,0.00020517175360367594,12.401269912719727,train,,,,,,,
52200,12.250645388406477,0.2949124526977539,0.00020393656048123124,6.8573431968688965,train,,,,,,,
52400,12.297582727059376,0.3123438835144043,0.00020270136735878655,7.892003536224365,train,,,,,,,
52600,12.344520065712274,0.3092930793762207,0.00020146617423634185,5.167102336883545,train,,,,,,,
52800,12.391457404365173,0.31090646743774414,0.00020023098111389716,7.551692485809326,train,,,,,,,
53000,12.43839474301807,0.30717905044555666,0.00019899578799145246,7.541018486022949,train,,,,,,,
53200,12.48533208167097,0.3028853988647461,0.00019776059486900776,4.189641952514648,train,,,,,,,
53400,12.532269420323868,0.29663877487182616,0.0001965254017465631,5.2384934425354,train,,,,,,,
53600,12.579206758976767,0.3058437728881836,0.0001952902086241184,9.271246910095215,train,,,,,,,
53800,12.626144097629664,0.31324621200561525,0.0001940550155016737,2.2410032749176025,train,,,,,,,
54000,12.673081436282562,0.27987028121948243,0.00019281982237922898,12.032461166381836,train,,,,,,,
54200,12.720018774935461,0.32644752502441404,0.0001915846292567843,8.307600021362305,train,,,,,,,
54400,12.76695611358836,0.3060711669921875,0.0001903494361343396,10.708917617797852,train,,,,,,,
54600,12.813893452241258,0.30824449539184573,0.00018911424301189491,8.635807991027832,train,,,,,,,
54800,12.860830790894155,0.29446237564086913,0.00018787904988945025,5.739095687866211,train,,,,,,,
55000,12.907768129547055,0.3180390739440918,0.00018664385676700552,1.123296856880188,train,,,,,,,
55200,12.954705468199952,0.3101308250427246,0.00018540866364456083,6.908317565917969,train,,,,,,,
55393,13.0,,,,val,0.7989438943894389,0.798583676886943,0.7985836768869428,0.9586931467056274,40.135,188.738,11.81
55400,13.001642806852852,0.2949625778198242,0.00018417347052211613,6.897790431976318,train,,,,,,,
55600,13.048580145505749,0.21252674102783203,0.00018293827739967146,2.7762393951416016,train,,,,,,,
55800,13.095517484158648,0.22995018005371093,0.00018170308427722676,3.798894166946411,train,,,,,,,
56000,13.142454822811546,0.22604751586914062,0.00018046789115478204,5.935927391052246,train,,,,,,,
56200,13.189392161464445,0.27591112136840823,0.00017923269803233734,6.694082260131836,train,,,,,,,
56400,13.236329500117343,0.2588656234741211,0.00017799750490989267,1.7799320220947266,train,,,,,,,
56600,13.283266838770242,0.2656861686706543,0.00017676231178744798,6.3585333824157715,train,,,,,,,
56800,13.33020417742314,0.25111133575439454,0.00017552711866500328,4.970401287078857,train,,,,,,,
57000,13.377141516076039,0.25022666931152343,0.00017429192554255858,5.011418342590332,train,,,,,,,
57200,13.424078854728936,0.22711856842041014,0.0001730567324201139,0.714000403881073,train,,,,,,,
57400,13.471016193381836,0.263217601776123,0.0001718215392976692,10.638961791992188,train,,,,,,,
57600,13.517953532034733,0.244682674407959,0.0001705863461752245,3.5110666751861572,train,,,,,,,
57800,13.564890870687632,0.232244873046875,0.00016935115305277983,10.351093292236328,train,,,,,,,
58000,13.61182820934053,0.26599084854125976,0.0001681159599303351,4.276918411254883,train,,,,,,,
58200,13.65876554799343,0.26291624069213865,0.0001668807668078904,10.807886123657227,train,,,,,,,
58400,13.705702886646327,0.24634050369262694,0.0001656455736854457,2.1518328189849854,train,,,,,,,
58600,13.752640225299226,0.29305007934570315,0.00016441038056300104,6.55955171585083,train,,,,,,,
58800,13.799577563952123,0.2667556381225586,0.00016317518744055634,6.476518154144287,train,,,,,,,
59000,13.846514902605023,0.25192522048950194,0.00016193999431811162,13.85037612915039,train,,,,,,,
59200,13.89345224125792,0.2705232620239258,0.00016070480119566695,10.035398483276367,train,,,,,,,
59400,13.94038957991082,0.24960922241210937,0.00015946960807322225,7.027757167816162,train,,,,,,,
59600,13.987326918563717,0.2517830848693848,0.00015823441495077756,6.489408493041992,train,,,,,,,
59654,14.0,,,,val,0.8126732673267326,0.8124852949068954,0.8124852949068954,0.9279015064239502,36.9943,204.761,12.813
59800,14.034264257216616,0.20218511581420898,0.00015699922182833286,5.44242525100708,train,,,,,,,
60000,14.081201595869514,0.19642145156860352,0.00015576402870588817,1.262823462486267,train,,,,,,,
60200,14.128138934522413,0.19463129043579103,0.00015452883558344347,1.5117119550704956,train,,,,,,,
60400,14.17507627317531,0.21364229202270507,0.00015329364246099877,3.7795135974884033,train,,,,,,,
60600,14.22201361182821,0.19720481872558593,0.00015205844933855408,4.561793804168701,train,,,,,,,
60800,14.268950950481107,0.21286966323852538,0.0001508232562161094,2.454542875289917,train,,,,,,,
61000,14.315888289134007,0.20807245254516601,0.0001495880630936647,2.0577797889709473,train,,,,,,,
61200,14.362825627786904,0.20272411346435548,0.00014835286997122,3.555354356765747,train,,,,,,,
61400,14.409762966439803,0.18416011810302735,0.00014711767684877532,3.886643409729004,train,,,,,,,
61600,14.456700305092701,0.19423915863037108,0.00014588248372633062,8.79104232788086,train,,,,,,,
61800,14.5036376437456,0.20820119857788086,0.00014464729060388593,2.835972309112549,train,,,,,,,
62000,14.550574982398498,0.20559011459350585,0.00014341209748144123,1.0982680320739746,train,,,,,,,
62200,14.597512321051397,0.1991475296020508,0.00014217690435899653,9.810441017150879,train,,,,,,,
62400,14.644449659704295,0.2396504020690918,0.00014094171123655184,9.858642578125,train,,,,,,,
62600,14.691386998357194,0.20135324478149413,0.00013970651811410714,4.288500785827637,train,,,,,,,
62800,14.738324337010091,0.1926598358154297,0.00013847132499166244,4.567192077636719,train,,,,,,,
63000,14.78526167566299,0.21323612213134766,0.00013723613186921777,0.26581206917762756,train,,,,,,,
63200,14.832199014315888,0.21574399948120118,0.00013600093874677305,5.582187175750732,train,,,,,,,
63400,14.879136352968787,0.23253702163696288,0.00013476574562432835,3.7936766147613525,train,,,,,,,
63600,14.926073691621685,0.23393999099731444,0.00013353055250188368,1.925680160522461,train,,,,,,,
63800,14.973011030274584,0.21232770919799804,0.000132295359379439,12.571357727050781,train,,,,,,,
63915,15.0,,,,val,0.8151815181518152,0.8154327263878547,0.8154327263878547,0.9721230268478394,40.2251,188.315,11.784
64000,15.019948368927482,0.1829265022277832,0.0001310601662569943,3.5409464836120605,train,,,,,,,
64200,15.066885707580381,0.14875001907348634,0.00012982497313454957,6.628773212432861,train,,,,,,,
64400,15.113823046233279,0.1655223274230957,0.0001285897800121049,3.137352705001831,train,,,,,,,
64600,15.160760384886178,0.15803129196166993,0.0001273545868896602,4.661838531494141,train,,,,,,,
64800,15.207697723539075,0.19102001190185547,0.0001261193937672155,4.873399257659912,train,,,,,,,
65000,15.254635062191973,0.13969213485717774,0.0001248842006447708,7.807324409484863,train,,,,,,,
65200,15.301572400844872,0.20287921905517578,0.0001236490075223261,7.982461452484131,train,,,,,,,
65400,15.34850973949777,0.17586906433105468,0.00012241381439988142,10.355456352233887,train,,,,,,,
65600,15.395447078150669,0.15008365631103515,0.00012117862127743673,12.660398483276367,train,,,,,,,
65800,15.442384416803566,0.17314382553100585,0.00011994342815499204,5.918057918548584,train,,,,,,,
66000,15.489321755456466,0.17092786788940428,0.00011870823503254734,5.334630489349365,train,,,,,,,
66200,15.536259094109363,0.17371099472045898,0.00011747304191010264,4.9013566970825195,train,,,,,,,
66400,15.583196432762263,0.16613208770751953,0.00011623784878765795,7.480127811431885,train,,,,,,,
66600,15.63013377141516,0.1673731803894043,0.00011500265566521325,6.7373366355896,train,,,,,,,
66800,15.67707111006806,0.1581929397583008,0.00011376746254276857,7.797364234924316,train,,,,,,,
67000,15.724008448720957,0.15789840698242188,0.00011253226942032386,4.248556613922119,train,,,,,,,
67200,15.770945787373856,0.17326345443725585,0.00011129707629787918,6.037343978881836,train,,,,,,,
67400,15.817883126026754,0.16399946212768554,0.0001100618831754345,5.155705451965332,train,,,,,,,
67600,15.864820464679653,0.1843573760986328,0.00010882669005298978,2.129394292831421,train,,,,,,,
67800,15.91175780333255,0.17100120544433595,0.0001075914969305451,8.340988159179688,train,,,,,,,
68000,15.95869514198545,0.19143707275390626,0.00010635630380810039,1.9596195220947266,train,,,,,,,
68176,16.0,,,,val,0.8137293729372937,0.8136316217627776,0.8136316217627776,1.0094155073165894,40.5359,186.871,11.693
68200,16.005632480638347,0.16317678451538087,0.00010512111068565571,4.062568187713623,train,,,,,,,
68400,16.052569819291246,0.12436556816101074,0.00010388591756321101,1.6789119243621826,train,,,,,,,
68600,16.099507157944146,0.11840476036071777,0.00010265072444076632,11.459078788757324,train,,,,,,,
68800,16.14644449659704,0.11706640243530274,0.00010141553131832162,14.408758163452148,train,,,,,,,
69000,16.19338183524994,0.12895036697387696,0.00010018033819587692,5.4833574295043945,train,,,,,,,
69200,16.24031917390284,0.1061680793762207,9.894514507343224e-05,5.770143985748291,train,,,,,,,
69400,16.28725651255574,0.13496139526367187,9.770995195098754e-05,4.505271911621094,train,,,,,,,
69600,16.334193851208635,0.13885330200195312,9.647475882854285e-05,8.883461952209473,train,,,,,,,
69800,16.381131189861534,0.15179595947265626,9.523956570609815e-05,1.7994840145111084,train,,,,,,,
70000,16.428068528514434,0.11292042732238769,9.400437258365345e-05,4.587545871734619,train,,,,,,,
70200,16.475005867167333,0.1480724811553955,9.276917946120876e-05,1.086869478225708,train,,,,,,,
70400,16.52194320582023,0.13140703201293946,9.153398633876407e-05,7.744494438171387,train,,,,,,,
70600,16.568880544473128,0.1453270721435547,9.029879321631936e-05,0.6492135524749756,train,,,,,,,
70800,16.615817883126027,0.1247791576385498,8.906360009387468e-05,9.172846794128418,train,,,,,,,
71000,16.662755221778927,0.13214853286743164,8.782840697142999e-05,26.761144638061523,train,,,,,,,
71200,16.709692560431822,0.13717365264892578,8.659321384898529e-05,4.469141483306885,train,,,,,,,
71400,16.75662989908472,0.13506667137145997,8.53580207265406e-05,3.3467209339141846,train,,,,,,,
71600,16.80356723773762,0.15871281623840333,8.41228276040959e-05,5.087544918060303,train,,,,,,,
71800,16.85050457639052,0.14588496208190918,8.288763448165121e-05,3.944161891937256,train,,,,,,,
72000,16.897441915043416,0.15235701560974121,8.165244135920652e-05,3.38342022895813,train,,,,,,,
72200,16.944379253696315,0.14686190605163574,8.041724823676182e-05,4.074509143829346,train,,,,,,,
72400,16.991316592349214,0.13590614318847657,7.918205511431712e-05,0.14783214032649994,train,,,,,,,
72437,17.0,,,,val,0.8153135313531353,0.8147157415651474,0.8147157415651473,1.0620790719985962,41.3434,183.221,11.465
72600,17.038253931002114,0.13323643684387207,7.794686199187243e-05,2.9627907276153564,train,,,,,,,
72800,17.08519126965501,0.10136387825012207,7.671166886942773e-05,1.7259712219238281,train,,,,,,,
73000,17.13212860830791,0.10892311096191407,7.547647574698305e-05,0.8526104688644409,train,,,,,,,
73200,17.179065946960808,0.1119316577911377,7.424128262453834e-05,0.5807957053184509,train,,,,,,,
73400,17.226003285613707,0.10706253051757812,7.300608950209366e-05,2.8453528881073,train,,,,,,,
73600,17.272940624266603,0.10373882293701171,7.177089637964896e-05,5.647524356842041,train,,,,,,,
73800,17.319877962919502,0.09781337738037109,7.053570325720426e-05,0.034940507262945175,train,,,,,,,
74000,17.3668153015724,0.10048542976379395,6.930051013475958e-05,6.336100101470947,train,,,,,,,
74200,17.4137526402253,0.1019296646118164,6.806531701231487e-05,8.638855934143066,train,,,,,,,
74400,17.460689978878197,0.11631536483764648,6.683012388987019e-05,0.032951194792985916,train,,,,,,,
74600,17.507627317531096,0.09867776870727539,6.559493076742549e-05,5.69044828414917,train,,,,,,,
74800,17.554564656183995,0.09845229148864747,6.43597376449808e-05,0.41366565227508545,train,,,,,,,
75000,17.601501994836894,0.10664369583129883,6.31245445225361e-05,0.48650938272476196,train,,,,,,,
75200,17.64843933348979,0.09521962165832519,6.18893514000914e-05,2.290436267852783,train,,,,,,,
75400,17.69537667214269,0.12073260307312011,6.065415827764671e-05,2.883812427520752,train,,,,,,,
75600,17.74231401079559,0.09034294128417969,5.9418965155202015e-05,3.479341983795166,train,,,,,,,
75800,17.789251349448485,0.10069041252136231,5.818377203275732e-05,4.164758682250977,train,,,,,,,
76000,17.836188688101384,0.08203540802001953,5.694857891031263e-05,11.754870414733887,train,,,,,,,
76200,17.883126026754283,0.09820863723754883,5.571338578786793e-05,0.8437073230743408,train,,,,,,,
76400,17.930063365407182,0.10033538818359375,5.447819266542324e-05,0.1558084934949875,train,,,,,,,
76600,17.977000704060078,0.09018497467041016,5.324299954297855e-05,2.2735395431518555,train,,,,,,,
76698,18.0,,,,val,0.8265346534653465,0.8264119097048046,0.8264119097048048,1.099022626876831,40.8207,185.568,11.612
76800,18.023938042712977,0.08690921783447265,5.200780642053385e-05,2.1670472621917725,train,,,,,,,
77000,18.070875381365877,0.0791840410232544,5.077261329808916e-05,10.509308815002441,train,,,,,,,
77200,18.117812720018776,0.0856953239440918,4.9537420175644464e-05,1.2477474212646484,train,,,,,,,
77400,18.16475005867167,0.07633895874023437,4.830222705319977e-05,1.4989529848098755,train,,,,,,,
77600,18.21168739732457,0.07882440090179443,4.706703393075507e-05,5.567114353179932,train,,,,,,,
77800,18.25862473597747,0.07280603408813477,4.583184080831038e-05,12.489760398864746,train,,,,,,,
78000,18.30556207463037,0.07567583560943604,4.4596647685865686e-05,2.950122356414795,train,,,,,,,
78200,18.352499413283265,0.08863195419311523,4.336145456342099e-05,2.79807448387146,train,,,,,,,
78400,18.399436751936165,0.0622339391708374,4.21262614409763e-05,4.912964344024658,train,,,,,,,
78600,18.446374090589064,0.08491816520690917,4.08910683185316e-05,13.033040046691895,train,,,,,,,
78800,18.493311429241963,0.07875099182128906,3.9655875196086914e-05,6.241578578948975,train,,,,,,,
79000,18.54024876789486,0.08198578834533692,3.842068207364222e-05,0.8001163601875305,train,,,,,,,
79200,18.587186106547758,0.07171804904937744,3.718548895119752e-05,0.013596591539680958,train,,,,,,,
79400,18.634123445200657,0.0764992094039917,3.5950295828752824e-05,0.21582922339439392,train,,,,,,,
79600,18.681060783853557,0.06941975116729736,3.4715102706308135e-05,2.643106460571289,train,,,,,,,
79800,18.727998122506452,0.07681703090667724,3.347990958386344e-05,3.091269016265869,train,,,,,,,
80000,18.77493546115935,0.08001876831054687,3.224471646141874e-05,7.8875412940979,train,,,,,,,
80200,18.82187279981225,0.08064832687377929,3.1009523338974045e-05,5.516526222229004,train,,,,,,,
80400,18.86881013846515,0.08442423820495605,2.9774330216529356e-05,14.266531944274902,train,,,,,,,
80600,18.915747477118046,0.062227940559387206,2.853913709408466e-05,0.34086281061172485,train,,,,,,,
80800,18.962684815770945,0.07263305187225341,2.7303943971639966e-05,4.647044658660889,train,,,,,,,
80959,19.0,,,,val,0.826006600660066,0.825951927605306,0.8259519276053061,1.143297791481018,52.1818,145.166,9.084
81000,19.009622154423845,0.08554929733276367,2.6068750849195273e-05,9.253665924072266,train,,,,,,,
81200,19.056559493076744,0.045819969177246095,2.483355772675058e-05,1.5206243991851807,train,,,,,,,
81400,19.10349683172964,0.06499539852142334,2.3598364604305884e-05,10.034892082214355,train,,,,,,,
81600,19.15043417038254,0.05725744247436523,2.2363171481861188e-05,0.4880669414997101,train,,,,,,,
81800,19.197371509035438,0.05783963680267334,2.1127978359416495e-05,2.0897843837738037,train,,,,,,,
82000,19.244308847688337,0.058145604133605956,1.98927852369718e-05,0.1405675858259201,train,,,,,,,
82200,19.291246186341233,0.054987921714782714,1.865759211452711e-05,7.717829704284668,train,,,,,,,
82400,19.338183524994133,0.05798582553863525,1.7422398992082412e-05,2.08482027053833,train,,,,,,,
82600,19.385120863647032,0.05207381248474121,1.618720586963772e-05,10.625625610351562,train,,,,,,,
82800,19.43205820229993,0.0529438066482544,1.4952012747193024e-05,1.3366626501083374,train,,,,,,,
83000,19.478995540952827,0.06551129341125489,1.371681962474833e-05,3.6780002117156982,train,,,,,,,
83200,19.525932879605726,0.05773613452911377,1.2481626502303635e-05,0.301996111869812,train,,,,,,,
83400,19.572870218258625,0.05178325653076172,1.1246433379858942e-05,5.326458930969238,train,,,,,,,
83600,19.619807556911525,0.06098737239837646,1.0011240257414247e-05,3.6894123554229736,train,,,,,,,
83800,19.66674489556442,0.0666878604888916,8.776047134969554e-06,10.901233673095703,train,,,,,,,
84000,19.71368223421732,0.047844099998474124,7.540854012524859e-06,0.1888767033815384,train,,,,,,,
84200,19.76061957287022,0.06172350406646729,6.305660890080165e-06,4.1219305992126465,train,,,,,,,
84400,19.80755691152312,0.051920962333679196,5.070467767635469e-06,4.798278331756592,train,,,,,,,
84600,19.854494250176014,0.04903314590454102,3.835274645190775e-06,0.6360880136489868,train,,,,,,,
84800,19.901431588828913,0.05840285301208496,2.6000815227460814e-06,0.8292984962463379,train,,,,,,,
85000,19.948368927481813,0.06396217346191406,1.3648884003013871e-06,2.2456653118133545,train,,,,,,,
85200,19.995306266134712,0.060690112113952636,1.296952778566929e-07,1.5496644973754883,train,,,,,,,
85220,20.0,,,,val,0.8270627062706271,0.8268775912915304,0.8268775912915303,1.1472736597061157,39.4863,191.839,12.004
