tercil,modelo,n,acc_a,acc_b,diff,ic_bajo,ic_alto,solo_a,solo_b
facil,mobilevit,850,0.928235294117647,0.9447058823529412,-0.01647058823529412,-0.03573082830099606,0.002789651830407823,28,42
facil,swin,850,0.9247058823529412,0.9447058823529412,-0.02,-0.03735671172517326,-0.0026432882748267383,20,37
facil,deit,850,0.8776470588235294,0.9447058823529412,-0.06705882352941177,-0.08833982123022437,-0.04577782582859917,16,73
medio,mobilevit,825,0.8751515151515151,0.9018181818181819,-0.02666666666666667,-0.049131090552596124,-0.004202242780737213,34,56
medio,swin,825,0.8618181818181818,0.9018181818181819,-0.04,-0.06173226430522239,-0.01826773569477761,26,59
medio,deit,825,0.7818181818181819,0.9018181818181819,-0.12,-0.14614580835552382,-0.09385419164447617,17,116
dificil,mobilevit,850,0.7823529411764706,0.8223529411764706,-0.04,-0.06715022544531692,-0.012849774554683082,53,87
dificil,swin,850,0.788235294117647,0.8223529411764706,-0.03411764705882353,-0.06140174535083907,-0.006833548766807994,56,85
dificil,deit,850,0.7047058823529412,0.8223529411764706,-0.11764705882352941,-0.14646870218780114,-0.08882541545925769,34,134
