,f1_mobilevit,f1_vit,f1_swin,f1_deit,gap_mobilevit,gap_swin,gap_deit,label,margen,tercil,vecino_mas_cercano
steak,0.5952380952380952,0.634508348794063,0.5725490196078431,0.4692307692307692,-0.039270253555967805,-0.061959329186219936,-0.16527757956329386,Steak,-0.1081186532974243,dificil,Filet mignon
filet_mignon,0.6843177189409368,0.690677966101695,0.68359375,0.5648854961832062,-0.006360247160758115,-0.007084216101694962,-0.1257924699184888,Filet mignon,-0.1031334996223449,dificil,Steak
baklava,0.9018036072144288,0.8919449901768173,0.88671875,0.8062622309197651,0.009858617037611483,-0.005226240176817276,-0.08568275925705215,Baklava,-0.0965036153793335,dificil,Apple pie
pork_chop,0.662962962962963,0.691304347826087,0.6597510373443983,0.512396694214876,-0.028341384863123986,-0.031553310481688635,-0.17890765361121097,Pork chop,-0.0963455438613891,dificil,Steak
apple_pie,0.6724511930585684,0.7619047619047619,0.680161943319838,0.5588235294117647,-0.08945356884619349,-0.08174281858492383,-0.20308123249299714,Apple pie,-0.0945996642112732,dificil,Baklava
cheesecake,0.7754237288135594,0.7703984819734345,0.7391304347826086,0.6653225806451613,0.005025246840124842,-0.031268047190825876,-0.10507590132827327,Cheesecake,-0.0922178030014038,dificil,Strawberry shortcake
chocolate_mousse,0.7110266159695817,0.7416173570019724,0.6704119850187266,0.5985401459854015,-0.030590741032390678,-0.07120537198324584,-0.1430772110165709,Chocolate mousse,-0.0914335250854492,dificil,Tiramisu
breakfast_burrito,0.7596899224806202,0.8412017167381974,0.7862903225806451,0.6390041493775933,-0.08151179425757726,-0.05491139415755231,-0.20219756736060412,Breakfast burrito,-0.0889131426811218,dificil,Chicken quesadilla
prime_rib,0.8502024291497976,0.8834355828220859,0.873015873015873,0.8016194331983806,-0.033233153672288296,-0.010419709806212873,-0.08181614962370531,Prime rib,-0.0874024033546447,dificil,Steak
beef_tartare,0.8164794007490637,0.8503937007874016,0.8560157790927022,0.7324478178368121,-0.03391430003833795,0.005622078305300593,-0.1179458829505895,Beef tartare,-0.0860591530799865,dificil,Tuna tartare
bread_pudding,0.7077534791252486,0.742393509127789,0.7096774193548387,0.5987525987525988,-0.034640030002540456,-0.03271608977295026,-0.14364091037519022,Bread pudding,-0.0836515426635742,dificil,Apple pie
ice_cream,0.7942386831275721,0.8527472527472527,0.7927565392354124,0.6761133603238867,-0.05850856961968065,-0.059990713511840266,-0.17663389242336602,Ice cream,-0.0827698111534118,dificil,Frozen yogurt
panna_cotta,0.8192771084337349,0.8333333333333334,0.8158995815899581,0.7107438016528925,-0.014056224899598457,-0.017433751743375248,-0.12258953168044084,Panna cotta,-0.0822843313217163,dificil,Chocolate mousse
samosa,0.8536585365853658,0.9171717171717172,0.847870182555781,0.743801652892562,-0.06351318058635136,-0.06930153461593624,-0.17337006427915524,Samosa,-0.0814689993858337,dificil,Spring rolls
strawberry_shortcake,0.8611111111111112,0.8975409836065574,0.8774703557312253,0.7915057915057915,-0.03642987249544627,-0.020070627875332092,-0.10603519210076595,Strawberry shortcake,-0.0786802768707275,dificil,Cheesecake
foie_gras,0.72,0.7322834645669292,0.7134020618556701,0.6074380165289256,-0.012283464566929192,-0.018881402711259043,-0.12484544803800357,Foie gras,-0.0769882798194885,dificil,Pork chop
ravioli,0.7219730941704036,0.7821011673151751,0.7272727272727273,0.5889328063241107,-0.06012807314477153,-0.0548284400424478,-0.19316836099106438,Ravioli,-0.0743319392204284,dificil,Gnocchi
creme_brulee,0.9190283400809716,0.9325396825396826,0.9126984126984128,0.8582677165354331,-0.013511342458710995,-0.01984126984126977,-0.07427196600424946,Creme brulee,-0.0726234316825866,dificil,Panna cotta
frozen_yogurt,0.9090909090909092,0.9500998003992016,0.9131313131313132,0.8831683168316832,-0.04100889130829244,-0.03696848726788837,-0.06693148356751843,Frozen yogurt,-0.0724866390228271,dificil,Ice cream
tiramisu,0.8548707753479126,0.8865979381443299,0.8247422680412371,0.7484662576687117,-0.031727162796417296,-0.061855670103092786,-0.1381316804756182,Tiramisu,-0.0723156929016113,dificil,Chocolate mousse
tuna_tartare,0.8176100628930818,0.7565392354124748,0.7764227642276422,0.6438631790744467,0.06107082748060699,0.019883528815167417,-0.11267605633802813,Tuna tartare,-0.071841299533844,dificil,Beef tartare
chicken_quesadilla,0.8644400785854617,0.8837209302325582,0.8553719008264463,0.7397260273972602,-0.019280851647096475,-0.028349029406111836,-0.14399490283529792,Chicken quesadilla,-0.0716429352760315,dificil,Breakfast burrito
lasagna,0.8007889546351085,0.859538784067086,0.7727272727272727,0.7071129707112971,-0.058749829431977485,-0.08681151133981324,-0.15242581335578886,Lasagna,-0.0714122653007507,dificil,Ravioli
risotto,0.8178137651821862,0.7974413646055437,0.7815126050420168,0.6584362139917695,0.02037240057664247,-0.015928759563526906,-0.13900515061377416,Risotto,-0.0711219310760498,dificil,Gnocchi
bruschetta,0.8301075268817204,0.8446215139442231,0.8169014084507042,0.6975806451612904,-0.014513987062502731,-0.027720105493518887,-0.14704086878293277,Bruschetta,-0.0705761313438415,dificil,Caprese salad
ceviche,0.8218029350104822,0.8155737704918032,0.7773279352226721,0.6776180698151951,0.006229164518678942,-0.03824583526913117,-0.13795570067660812,Ceviche,-0.0694462656974792,dificil,Tuna tartare
chocolate_cake,0.7526427061310782,0.8007662835249042,0.7201565557729941,0.6533864541832669,-0.048123577393826,-0.08060972775191011,-0.1473798293416373,Chocolate cake,-0.0689650177955627,dificil,Red velvet cake
eggs_benedict,0.901010101010101,0.935483870967742,0.9178356713426854,0.8514056224899599,-0.034473769957640954,-0.017648199625056593,-0.08407824847778211,Eggs benedict,-0.0671226382255554,dificil,Croque madame
grilled_salmon,0.7786259541984732,0.8676171079429735,0.8143712574850299,0.6936170212765957,-0.08899115374450028,-0.05324585045794361,-0.17400008666637778,Grilled salmon,-0.0661833882331848,dificil,Pork chop
huevos_rancheros,0.7451820128479657,0.7862318840579711,0.7775551102204409,0.6418786692759295,-0.04104987121000536,-0.008676773837530183,-0.14435321478204155,Huevos rancheros,-0.0661253333091735,dificil,Breakfast burrito
gnocchi,0.7924528301886793,0.8600405679513184,0.8155737704918032,0.6746031746031746,-0.06758773776263916,-0.044466797459515206,-0.1854373933481438,Gnocchi,-0.0646895766258239,dificil,Ravioli
falafel,0.8493723849372385,0.8618556701030928,0.8256513026052105,0.7137254901960784,-0.012483285165854285,-0.03620436749788236,-0.14813017990701438,Falafel,-0.0636404156684875,dificil,Crab cakes
cannoli,0.9357429718875502,0.91701244813278,0.8796844181459567,0.814663951120163,0.018730523754770134,-0.037328029986823386,-0.10234849701261706,Cannoli,-0.0633513927459716,dificil,Beignets
pancakes,0.9021956087824352,0.9287169042769856,0.884990253411306,0.8262548262548263,-0.0265212954945504,-0.04372665086567962,-0.10246207802215934,Pancakes,-0.0622517466545105,dificil,French toast
spring_rolls,0.8755186721991701,0.9282868525896414,0.8466257668711656,0.7775467775467776,-0.052768180390471264,-0.08166108571847575,-0.1507400750428638,Spring rolls,-0.0619646906852722,medio,Samosa
peking_duck,0.8977035490605428,0.9016393442622952,0.897119341563786,0.8048289738430584,-0.003935795201752357,-0.004520002698509162,-0.09681037041923679,Peking duck,-0.0612727403640747,medio,Gyoza
poutine,0.8995983935742972,0.9308176100628932,0.9153225806451613,0.8553971486761711,-0.031219216488596047,-0.015495029417731954,-0.07542046138672209,Poutine,-0.0604495406150817,medio,French fries
croque_madame,0.8985507246376812,0.9147286821705426,0.903353057199211,0.8747514910536779,-0.016177957532861442,-0.0113756249713316,-0.03997719111686471,Croque madame,-0.0603923201560974,medio,Eggs benedict
escargots,0.9090909090909092,0.903954802259887,0.9041095890410958,0.8531187122736419,0.005136106831022169,0.0001547867812088377,-0.050836089986245114,Escargots,-0.0602836012840271,medio,French onion soup
french_toast,0.8220858895705522,0.8765432098765432,0.8326530612244898,0.7061143984220908,-0.05445732030599104,-0.04389014865205343,-0.17042881145445243,French toast,-0.059676706790924,medio,Pancakes
red_velvet_cake,0.90873786407767,0.9224652087475148,0.8946322067594433,0.84765625,-0.013727344669844821,-0.027833001988071482,-0.07480895874751481,Red velvet cake,-0.0589061975479126,medio,Chocolate cake
guacamole,0.905811623246493,0.9269311064718164,0.9315068493150684,0.8893360160965795,-0.02111948322532342,0.0045757428432520175,-0.037595090375236895,Guacamole,-0.0588496327400207,medio,Nachos
churros,0.9336016096579476,0.9475806451612904,0.8975409836065574,0.8540772532188842,-0.013979035503342785,-0.05003966155473294,-0.0935033919424062,Churros,-0.0581892132759094,medio,Onion rings
beet_salad,0.8136882129277566,0.8514851485148515,0.7893660531697342,0.6958250497017893,-0.03779693558709485,-0.06211909534511728,-0.1556600988130622,Beet salad,-0.0574292540550231,medio,Tuna tartare
hummus,0.8727272727272727,0.8984375,0.8532289628180039,0.7443762781186094,-0.025710227272727315,-0.04520853718199613,-0.1540612218813906,Hummus,-0.0572296380996704,medio,Escargots
shrimp_and_grits,0.8416988416988417,0.8560460652591171,0.831013916500994,0.7404426559356136,-0.014347223560275402,-0.025032148758123096,-0.11560340932350344,Shrimp and grits,-0.057204246520996,medio,Gnocchi
grilled_cheese_sandwich,0.7940074906367042,0.8252788104089219,0.8084291187739464,0.682261208576998,-0.031271319772217754,-0.016849691634975517,-0.1430176018319239,Grilled cheese sandwich,-0.0560888051986694,medio,Club sandwich
fried_calamari,0.8916155419222904,0.9057377049180328,0.876,0.804040404040404,-0.014122162995742427,-0.029737704918032848,-0.10169730087762885,Fried calamari,-0.055951178073883,medio,Onion rings
omelette,0.7725631768953068,0.8393194706994329,0.7967145790554415,0.6848739495798319,-0.06675629380412607,-0.042604891643991394,-0.15444552111960097,Omelette,-0.0552448034286499,medio,Eggs benedict
french_onion_soup,0.8771929824561403,0.8687258687258688,0.874251497005988,0.8149606299212598,0.008467113730271536,0.005525628280119266,-0.05376523880460893,French onion soup,-0.0551895499229431,medio,Creme brulee
scallops,0.8195329087048833,0.8174904942965779,0.784,0.6626262626262627,0.0020424144083053264,-0.03349049429657791,-0.15486423167031527,Scallops,-0.0550764799118042,medio,Foie gras
caprese_salad,0.8801571709233792,0.925925925925926,0.8499025341130604,0.766859344894027,-0.045768755002546846,-0.07602339181286566,-0.15906658103189908,Caprese salad,-0.0550204515457153,medio,Bruschetta
beef_carpaccio,0.8923076923076924,0.8957528957528957,0.8845401174168297,0.8376753507014028,-0.003445203445203382,-0.011212778336066043,-0.058077545051492985,Beef carpaccio,-0.0544391870498657,medio,Tuna tartare
gyoza,0.8951612903225806,0.8818897637795275,0.8817635270541082,0.8056112224448898,0.01327152654305308,-0.0001262367254193375,-0.07627854133463774,Gyoza,-0.0538954138755798,medio,Spring rolls
crab_cakes,0.825147347740668,0.8260869565217391,0.8137651821862348,0.6521739130434783,-0.0009396087810711329,-0.012321774335504299,-0.17391304347826086,Crab cakes,-0.0532814264297485,medio,Scallops
lobster_bisque,0.8583509513742071,0.9090909090909092,0.8804780876494024,0.8499025341130604,-0.05073995771670203,-0.028612821441506786,-0.05918837497784879,Lobster bisque,-0.05280202627182,medio,Clam chowder
carrot_cake,0.8421052631578947,0.88671875,0.8450704225352113,0.7401247401247402,-0.04461348684210531,-0.04164832746478875,-0.14659400987525983,Carrot cake,-0.0509821772575378,medio,Chocolate cake
hamburger,0.85,0.8834355828220859,0.8362919132149902,0.7130801687763713,-0.03343558282208592,-0.047143669607095706,-0.17035541404571464,Hamburger,-0.0506656169891357,medio,Club sandwich
clam_chowder,0.9119373776908024,0.9327902240325866,0.8884540117416829,0.8633663366336634,-0.020852846341784192,-0.044336212290903676,-0.06942388739892325,Clam chowder,-0.0504478812217712,medio,Lobster bisque
takoyaki,0.939516129032258,0.9475806451612904,0.912,0.8531187122736419,-0.008064516129032362,-0.035580645161290336,-0.09446193288764848,Takoyaki,-0.0479214191436767,medio,Gyoza
chicken_curry,0.7946768060836502,0.8490945674044266,0.8360655737704918,0.7119341563786008,-0.05441776132077636,-0.013028993633934727,-0.13716041102582577,Chicken curry,-0.0478017926216125,medio,Lobster bisque
fried_rice,0.8814229249011858,0.8592057761732852,0.878727634194831,0.8244575936883629,0.022217148727900593,0.019521858021545824,-0.034748182484922285,Fried rice,-0.0468823313713073,medio,Pad thai
nachos,0.8898128898128899,0.8803418803418803,0.8744939271255061,0.7615384615384615,0.00947100947100954,-0.005847953216374213,-0.11880341880341883,Nachos,-0.0467411875724792,medio,Guacamole
french_fries,0.920388349514563,0.9344262295081968,0.9246031746031746,0.852,-0.014037879993633706,-0.00982305490502211,-0.08242622950819678,French fries,-0.0464280247688293,medio,Poutine
beignets,0.864376130198915,0.9080234833659492,0.8554913294797688,0.8446215139442231,-0.043647353167034164,-0.05253215388618038,-0.06340196942172605,Beignets,-0.0454569458961486,medio,Cannoli
greek_salad,0.8777555110220441,0.9117043121149896,0.8646464646464647,0.7713178294573644,-0.03394880109294551,-0.04705784746852493,-0.1403864826576252,Greek salad,-0.0447608232498168,medio,Caesar salad
tacos,0.8466257668711656,0.8792079207920792,0.8484848484848485,0.7334669338677354,-0.03258215392091357,-0.030723072307230703,-0.14574098692434378,Tacos,-0.0440804362297058,medio,Breakfast burrito
garlic_bread,0.8298755186721992,0.8768267223382046,0.8291666666666667,0.7551867219917012,-0.04695120366600536,-0.04766005567153786,-0.12164000034650335,Garlic bread,-0.0439535975456237,facil,Bruschetta
caesar_salad,0.8901515151515151,0.9294117647058824,0.90020366598778,0.8469184890656064,-0.039260249554367244,-0.02920809871810237,-0.08249327564027598,Caesar salad,-0.0414008498191833,facil,Greek salad
miso_soup,0.9444444444444444,0.9554655870445344,0.944558521560575,0.9212121212121211,-0.011021142600090017,-0.010907065483959477,-0.03425346583241329,Miso soup,-0.0394685864448547,facil,Hot and sour soup
onion_rings,0.9112426035502958,0.9352226720647774,0.9065606361829026,0.8888888888888888,-0.023980068514481534,-0.02866203588187477,-0.04633378317588854,Onion rings,-0.0392295122146606,facil,Fried calamari
paella,0.8997955010224948,0.9227722772277228,0.876984126984127,0.8448979591836735,-0.022976776205227978,-0.04578815024359584,-0.07787431804404932,Paella,-0.0387686491012573,facil,Ceviche
pulled_pork_sandwich,0.8588709677419355,0.8902195608782435,0.8298279158699808,0.7445544554455445,-0.031348593136308,-0.06039164500826266,-0.14566510543269895,Pulled pork sandwich,-0.0385338068008422,facil,Hamburger
baby_back_ribs,0.8530020703933747,0.8231173380035026,0.8499025341130604,0.736,0.029884732389872104,0.026785196109557763,-0.08711733800350263,Baby back ribs,-0.0382705926895141,facil,Steak
waffles,0.9267326732673268,0.9126984126984128,0.9019607843137256,0.8273092369477911,0.014034260568913992,-0.01073762838468717,-0.08538917575062166,Waffles,-0.0379951000213623,facil,Pancakes
pad_thai,0.934131736526946,0.9052631578947368,0.9161793372319688,0.8532289628180039,0.028868578632209263,0.01091617933723199,-0.0520341950767329,Pad thai,-0.0379811525344848,facil,Fried rice
macaroni_and_cheese,0.8674698795180723,0.8955223880597015,0.8600405679513184,0.7490196078431373,-0.028052508541629217,-0.03548182010838308,-0.14650278021656427,Macaroni and cheese,-0.0370007157325744,facil,Gnocchi
club_sandwich,0.8888888888888888,0.907563025210084,0.9108910891089108,0.8158415841584158,-0.01867413632119519,0.003328063898826783,-0.09172144105166824,Club sandwich,-0.0349084138870239,facil,Grilled cheese sandwich
spaghetti_carbonara,0.94921875,0.9346938775510204,0.9402390438247012,0.8972332015810277,0.014524872448979598,0.005545166273680846,-0.037460675969992696,Spaghetti carbonara,-0.0334917902946472,facil,Spaghetti bolognese
hot_and_sour_soup,0.9402390438247012,0.9637096774193548,0.9463220675944334,0.925925925925926,-0.02347063359465351,-0.01738760982492138,-0.03778375149342872,Hot and sour soup,-0.0289914608001709,facil,Miso soup
spaghetti_bolognese,0.9448818897637796,0.9265536723163842,0.9423459244532804,0.8915187376725838,0.018328217447395434,0.015792252136896168,-0.035034934643800364,Spaghetti bolognese,-0.0261574387550354,facil,Spaghetti carbonara
deviled_eggs,0.9542743538767396,0.9696969696969696,0.93812375249501,0.9090909090909092,-0.015422615820229968,-0.0315732172019596,-0.06060606060606044,Deviled eggs,-0.0245450735092163,facil,Caprese salad
ramen,0.8834355828220859,0.9450980392156862,0.9181636726546906,0.8571428571428571,-0.06166245639360035,-0.02693436656099568,-0.08795518207282915,Ramen,-0.0236141681671142,facil,Pho
sushi,0.9014084507042254,0.9080234833659492,0.8650793650793651,0.8149606299212598,-0.0066150326617238075,-0.042944118286584065,-0.09306285344468934,Sushi,-0.0213401913642883,facil,Sashimi
sashimi,0.9218436873747496,0.9246031746031746,0.903353057199211,0.876984126984127,-0.002759487228425006,-0.021250117403963653,-0.04761904761904767,Sashimi,-0.0210064053535461,facil,Sushi
hot_dog,0.8763102725366876,0.9221789883268484,0.8747514910536779,0.8109161793372319,-0.04586871579016083,-0.04742749727317053,-0.11126280898961649,Hot dog,-0.018408715724945,facil,Lobster roll sandwich
bibimbap,0.9306930693069309,0.9279661016949152,0.9258517034068136,0.8966861598440545,0.0027269676120156294,-0.002114398288101671,-0.03127994185086069,Bibimbap,-0.0172482728958129,facil,Ramen
seaweed_salad,0.951417004048583,0.975609756097561,0.944,0.8946322067594433,-0.024192752048977972,-0.031609756097561004,-0.08097754933811763,Seaweed salad,-0.0164514780044555,facil,Caesar salad
mussels,0.9390243902439024,0.9551020408163264,0.931726907630522,0.8772635814889336,-0.01607765057242405,-0.02337513318580442,-0.07783845932739286,Mussels,-0.0159475207328796,facil,Oysters
cheese_plate,0.9128630705394192,0.95069033530572,0.8983739837398373,0.7922330097087379,-0.03782726476630083,-0.05231635156588266,-0.1584573255969821,Cheese plate,-0.0113387703895568,facil,Beet salad
chicken_wings,0.9267326732673268,0.9213051823416508,0.8995983935742972,0.8237547892720306,0.00542749092567596,-0.021706788767353657,-0.09755039306962021,Chicken wings,-0.0094941854476928,facil,Fried calamari
fish_and_chips,0.9221556886227544,0.9306930693069309,0.9221556886227544,0.8373015873015873,-0.008537380684176421,-0.008537380684176421,-0.09339148200534353,Fish and chips,-0.0089243054389953,facil,French fries
lobster_roll_sandwich,0.9406952965235174,0.951417004048583,0.932,0.8747433264887063,-0.010721707525065627,-0.01941700404858293,-0.07667367755987664,Lobster roll sandwich,-0.006740927696228,facil,Hot dog
cup_cakes,0.8844621513944223,0.926070038910506,0.8853754940711462,0.8431001890359168,-0.041607887516083686,-0.04069454483935975,-0.08296984987458922,Cup cakes,-0.0067349076271057,facil,Red velvet cake
pho,0.9049429657794676,0.9471624266144814,0.9346534653465348,0.9191321499013808,-0.04221946083501371,-0.012508961267946539,-0.028030276713100544,Pho,-0.0044642090797424,facil,Ramen
oysters,0.9537223340040242,0.978131212723658,0.9351669941060904,0.8982035928143712,-0.02440887871963382,-0.04296421861756761,-0.07992761990928676,Oysters,0.0010551810264587,facil,Mussels
pizza,0.8910505836575876,0.9414141414141414,0.892,0.8349900596421471,-0.05036355775655377,-0.049414141414141355,-0.10642408177199425,Pizza,0.0058845877647399,facil,Lasagna
donuts,0.8614718614718615,0.8950495049504951,0.856,0.7840670859538784,-0.03357764347863357,-0.039049504950495084,-0.11098241899661665,Donuts,0.0064346194267272,facil,Cup cakes
macarons,0.9542743538767396,0.9758064516129032,0.9717741935483872,0.9154639175257732,-0.021532097736163602,-0.004032258064516014,-0.060342534087130084,Macarons,0.0344151854515075,facil,Cup cakes
dumplings,0.8982725527831094,0.9171717171717172,0.8782435129740519,0.86,-0.018899164388607836,-0.038928204197665295,-0.05717171717171721,Dumplings,0.0529433488845825,facil,Gyoza
edamame,0.9940357852882704,0.997995991983968,0.9899799599198396,0.9860834990059644,-0.003960206695697632,-0.008016032064128487,-0.011912492978003675,Edamame,0.0599631071090698,facil,Seaweed salad
