clase_real,clase_predicha,mobilevit,vit,swin,deit,total
filet_mignon,steak,50,55,33,46,184
steak,filet_mignon,35,25,40,46,146
chocolate_cake,chocolate_mousse,32,19,35,33,119
pork_chop,steak,31,20,25,26,102
chocolate_mousse,chocolate_cake,19,26,29,25,99
prime_rib,steak,30,18,24,22,94
tuna_tartare,beef_tartare,26,23,17,28,94
apple_pie,bread_pudding,19,17,19,15,70
ravioli,gnocchi,25,8,12,22,67
beef_tartare,tuna_tartare,12,15,15,21,63
club_sandwich,grilled_cheese_sandwich,13,24,10,13,60
pork_chop,filet_mignon,10,13,15,20,58
steak,prime_rib,8,11,17,21,57
breakfast_burrito,huevos_rancheros,10,15,11,19,55
hamburger,pulled_pork_sandwich,10,11,12,21,54
grilled_salmon,pork_chop,14,7,12,17,50
pulled_pork_sandwich,hamburger,10,5,15,19,49
steak,pork_chop,14,12,11,12,49
donuts,beignets,18,10,10,10,48
falafel,crab_cakes,17,13,9,9,48
frozen_yogurt,ice_cream,14,7,15,12,48
dumplings,gyoza,11,12,13,11,47
lobster_bisque,clam_chowder,18,8,11,10,47
gnocchi,ravioli,7,13,12,14,46
ice_cream,chocolate_mousse,11,10,12,13,46
bread_pudding,apple_pie,13,6,14,12,45
tiramisu,chocolate_mousse,6,11,8,20,45
spring_rolls,samosa,12,2,15,15,44
gyoza,dumplings,13,11,10,9,43
cheesecake,strawberry_shortcake,13,11,8,10,42
breakfast_burrito,chicken_quesadilla,8,9,9,14,40
risotto,fried_rice,6,16,7,11,40
steak,baby_back_ribs,4,14,9,12,39
apple_pie,baklava,10,10,8,10,38
pork_chop,baby_back_ribs,5,15,10,8,38
ice_cream,frozen_yogurt,8,10,7,12,37
sashimi,sushi,8,10,10,8,36
clam_chowder,lobster_bisque,4,11,9,11,35
huevos_rancheros,breakfast_burrito,9,6,8,12,35
pork_chop,grilled_salmon,8,7,10,10,35
ramen,pho,17,2,8,8,35
baby_back_ribs,steak,10,4,9,11,34
filet_mignon,pork_chop,10,3,11,10,34
fried_calamari,onion_rings,10,4,7,13,34
nachos,huevos_rancheros,3,16,7,8,34
panna_cotta,chocolate_mousse,8,9,6,11,34
donuts,cup_cakes,9,4,10,10,33
pad_thai,fried_rice,3,19,5,6,33
beignets,donuts,3,5,11,12,31
garlic_bread,grilled_cheese_sandwich,8,5,9,9,31
greek_salad,beet_salad,8,11,5,7,31
grilled_cheese_sandwich,club_sandwich,5,2,9,15,31
lasagna,ravioli,3,9,8,11,31
sushi,sashimi,8,7,8,8,31
chicken_quesadilla,breakfast_burrito,10,1,10,9,30
french_toast,grilled_cheese_sandwich,5,7,8,10,30
panna_cotta,cheesecake,2,12,7,9,30
poutine,french_fries,10,5,4,11,30
foie_gras,pork_chop,11,4,8,6,29
scallops,foie_gras,10,4,6,9,29
tacos,breakfast_burrito,9,4,6,10,29
tuna_tartare,beef_carpaccio,5,11,8,5,29
bruschetta,caprese_salad,10,5,5,8,28
huevos_rancheros,omelette,11,5,6,6,28
omelette,huevos_rancheros,5,8,7,8,28
risotto,shrimp_and_grits,6,7,7,8,28
scallops,crab_cakes,4,5,8,11,28
spaghetti_carbonara,spaghetti_bolognese,1,14,3,10,28
baklava,apple_pie,4,7,9,7,27
french_toast,bread_pudding,14,5,5,3,27
greek_salad,caesar_salad,10,8,2,7,27
cheesecake,panna_cotta,6,4,6,10,26
filet_mignon,prime_rib,6,3,10,7,26
risotto,paella,9,7,7,3,26
samosa,spring_rolls,7,3,7,9,26
baby_back_ribs,pork_chop,11,4,3,7,25
caprese_salad,greek_salad,4,2,7,12,25
huevos_rancheros,nachos,5,1,7,12,25
tiramisu,chocolate_cake,6,4,10,5,25
carrot_cake,cheesecake,3,8,7,6,24
chocolate_cake,red_velvet_cake,7,4,7,6,24
chocolate_mousse,foie_gras,3,9,5,7,24
chocolate_mousse,tiramisu,10,5,2,7,24
eggs_benedict,croque_madame,4,7,6,7,24
strawberry_shortcake,cheesecake,6,7,5,6,24
bread_pudding,french_toast,6,4,6,7,23
crab_cakes,falafel,3,5,6,9,23
french_toast,pancakes,7,1,5,10,23
ravioli,lasagna,11,1,5,6,23
shrimp_and_grits,ravioli,4,7,5,7,23
tacos,falafel,2,5,7,9,23
beet_salad,greek_salad,3,2,6,11,22
falafel,breakfast_burrito,6,3,6,7,22
foie_gras,grilled_salmon,10,3,4,5,22
foie_gras,scallops,0,5,6,11,22
lasagna,french_onion_soup,3,8,5,6,22
lobster_bisque,chicken_curry,8,7,2,5,22
scallops,shrimp_and_grits,8,3,5,6,22
bread_pudding,french_onion_soup,7,3,2,9,21
foie_gras,filet_mignon,4,4,5,8,21
greek_salad,caprese_salad,3,1,6,11,21
guacamole,nachos,5,7,2,7,21
onion_rings,fried_calamari,4,4,6,7,21
pizza,lasagna,6,3,6,6,21
pork_chop,prime_rib,5,6,3,7,21
tuna_tartare,beet_salad,5,4,5,7,21
caprese_salad,beet_salad,4,7,5,4,20
cup_cakes,chocolate_mousse,7,2,7,4,20
fried_rice,risotto,5,3,6,6,20
gnocchi,shrimp_and_grits,4,2,5,9,20
nachos,tacos,6,5,5,4,20
red_velvet_cake,chocolate_cake,4,5,6,5,20
risotto,gnocchi,4,2,7,7,20
tacos,chicken_quesadilla,8,4,2,6,20
tacos,huevos_rancheros,6,4,4,6,20
ceviche,tuna_tartare,3,5,5,6,19
cheesecake,tiramisu,5,2,6,6,19
chicken_curry,ravioli,2,5,2,10,19
crab_cakes,scallops,4,7,3,5,19
hamburger,hot_dog,4,3,7,5,19
macaroni_and_cheese,french_onion_soup,1,6,5,7,19
pho,ramen,2,3,6,8,19
pork_chop,foie_gras,1,6,2,10,19
tiramisu,cheesecake,4,5,4,6,19
tuna_tartare,ceviche,3,6,4,6,19
beet_salad,caprese_salad,3,1,7,7,18
cannoli,beignets,7,4,4,3,18
carrot_cake,red_velvet_cake,3,3,3,9,18
cheesecake,chocolate_cake,0,3,7,8,18
croque_madame,eggs_benedict,7,2,5,4,18
hamburger,club_sandwich,6,5,1,6,18
macaroni_and_cheese,risotto,5,5,4,4,18
mussels,oysters,3,3,6,6,18
panna_cotta,strawberry_shortcake,2,0,5,11,18
peking_duck,baby_back_ribs,2,8,4,4,18
ravioli,shrimp_and_grits,3,3,6,6,18
shrimp_and_grits,risotto,2,3,6,7,18
bread_pudding,cheesecake,3,6,6,2,17
caprese_salad,bruschetta,1,3,4,9,17
chicken_curry,lobster_bisque,1,6,4,6,17
chicken_quesadilla,huevos_rancheros,4,3,6,4,17
chocolate_cake,tiramisu,4,3,3,7,17
falafel,tacos,3,4,6,4,17
french_onion_soup,macaroni_and_cheese,3,1,3,10,17
hot_dog,pulled_pork_sandwich,6,2,4,5,17
panna_cotta,tiramisu,6,2,5,4,17
prime_rib,baby_back_ribs,1,8,1,7,17
pulled_pork_sandwich,grilled_cheese_sandwich,5,4,2,6,17
ramen,bibimbap,4,2,4,7,17
apple_pie,waffles,3,6,4,3,16
bread_pudding,creme_brulee,3,6,3,4,16
bread_pudding,pork_chop,2,4,4,6,16
ceviche,beet_salad,6,3,2,5,16
cheesecake,carrot_cake,7,2,3,4,16
cheesecake,red_velvet_cake,2,3,4,7,16
chocolate_cake,cheesecake,3,4,4,5,16
croque_madame,grilled_cheese_sandwich,5,5,3,3,16
foie_gras,chocolate_mousse,3,4,3,6,16
french_toast,apple_pie,3,2,3,8,16
gnocchi,macaroni_and_cheese,2,1,5,8,16
grilled_cheese_sandwich,french_toast,4,4,2,6,16
grilled_cheese_sandwich,garlic_bread,3,3,3,7,16
huevos_rancheros,tacos,4,2,3,7,16
lobster_roll_sandwich,hot_dog,3,6,3,4,16
miso_soup,ramen,1,4,5,6,16
pancakes,french_toast,2,1,3,10,16
ravioli,spaghetti_carbonara,6,4,1,5,16
red_velvet_cake,cheesecake,2,4,5,5,16
risotto,beef_tartare,3,5,4,4,16
samosa,baklava,4,2,5,5,16
waffles,french_toast,1,2,3,10,16
apple_pie,cheesecake,2,4,4,5,15
beef_tartare,beef_carpaccio,6,4,4,1,15
beet_salad,beef_carpaccio,3,3,2,7,15
beet_salad,foie_gras,3,4,3,5,15
breakfast_burrito,omelette,8,4,1,2,15
breakfast_burrito,tacos,5,4,5,1,15
cheesecake,bread_pudding,4,5,2,4,15
foie_gras,beet_salad,3,2,4,6,15
foie_gras,steak,4,4,5,2,15
fried_calamari,chicken_wings,7,4,0,4,15
guacamole,ceviche,7,4,2,2,15
hummus,chicken_quesadilla,2,1,3,9,15
lasagna,huevos_rancheros,3,3,4,5,15
macarons,cup_cakes,3,4,4,4,15
paella,shrimp_and_grits,7,3,3,2,15
pizza,garlic_bread,5,3,3,4,15
pork_chop,crab_cakes,3,3,5,4,15
prime_rib,filet_mignon,5,3,1,6,15
strawberry_shortcake,panna_cotta,4,3,2,6,15
apple_pie,beignets,6,3,3,2,14
baby_back_ribs,peking_duck,1,1,3,9,14
beet_salad,caesar_salad,4,3,4,3,14
bread_pudding,carrot_cake,3,5,3,3,14
bread_pudding,chocolate_cake,5,2,3,4,14
bruschetta,tuna_tartare,4,3,5,2,14
chicken_curry,shrimp_and_grits,2,7,2,3,14
chocolate_mousse,ice_cream,5,0,5,4,14
churros,beignets,4,2,4,4,14
crab_cakes,grilled_salmon,4,3,3,4,14
