step,epoch,loss,learning_rate,grad_norm,split,eval_loss,eval_accuracy,eval_f1_macro,eval_runtime,eval_samples_per_second,eval_steps_per_second
200,0.09387467730579677,4.260189208984375,4.669169404035664e-05,16.750085830688477,train,,,,,,
400,0.18774935461159353,2.43707275390625,9.361801970905678e-05,15.069146156311035,train,,,,,,
600,0.28162403191739027,1.7564193725585937,0.00014054434537775693,17.474882125854492,train,,,,,,
800,0.37549870922318707,1.6034480285644532,0.00018747067104645708,18.020980834960938,train,,,,,,
1000,0.4693733865289838,1.6281448364257813,0.0002343969967151572,20.183120727539062,train,,,,,,
1200,0.5632480638347805,1.6236578369140624,0.00028132332238385734,14.770764350891113,train,,,,,,
1400,0.6571227411405773,1.650965118408203,0.0003282496480525575,16.829008102416992,train,,,,,,
1600,0.7509974184463741,1.7560041809082032,0.0003751759737212576,22.871726989746094,train,,,,,,
1800,0.8448720957521708,1.7357606506347656,0.00042210229938995775,14.826775550842285,train,,,,,,
2000,0.9387467730579676,1.80193603515625,0.0004690286250586579,18.354169845581055,train,,,,,,
2131,1.0,,,,val,1.8851362466812134,0.5178877887788779,0.5320632811919669,43.0477,175.968,11.011
2200,1.0323867636705,1.8074372863769532,0.0004991602657511917,11.363357543945312,train,,,,,,
2400,1.1262614409762968,1.844466552734375,0.0004966904591370496,11.183921813964844,train,,,,,,
2600,1.2201361182820933,1.7750126647949218,0.0004942206525229075,11.237789154052734,train,,,,,,
2800,1.3140107955878901,1.7476602172851563,0.0004917508459087653,9.971009254455566,train,,,,,,
3000,1.407885472893687,1.7125761413574219,0.0004892810392946233,9.979863166809082,train,,,,,,
3200,1.5017601501994837,1.7255723571777344,0.0004868112326804811,10.990495681762695,train,,,,,,
3400,1.5956348275052803,1.6494258117675782,0.000484341426066339,7.712686538696289,train,,,,,,
3600,1.689509504811077,1.6469195556640626,0.00048187161945219693,10.456729888916016,train,,,,,,
3800,1.7833841821168739,1.5857223510742187,0.0004794018128380548,6.516541957855225,train,,,,,,
4000,1.8772588594226707,1.5473568725585938,0.0004769320062239127,10.653372764587402,train,,,,,,
4200,1.9711335367284675,1.5104579162597656,0.00047446219960977054,8.241599082946777,train,,,,,,
4262,2.0,,,,val,1.430588960647583,0.6266666666666667,0.6295212311783092,43.2851,175.003,10.951
4400,2.064773527341,1.3716357421875,0.00047199239299562846,5.5091142654418945,train,,,,,,
4600,2.1586482046467967,1.3299833679199218,0.00046952258638148633,7.602865695953369,train,,,,,,
4800,2.2525228819525935,1.3977120971679688,0.0004670527797673442,10.203436851501465,train,,,,,,
5000,2.34639755925839,1.3738856506347656,0.0004645829731532021,7.024791240692139,train,,,,,,
5200,2.4402722365641867,1.329656982421875,0.00046211316653906,10.108789443969727,train,,,,,,
5400,2.5341469138699835,1.3300009155273438,0.0004596433599249179,6.163707733154297,train,,,,,,
5600,2.6280215911757803,1.3610585021972657,0.00045717355331077573,8.157493591308594,train,,,,,,
5800,2.721896268481577,1.3055938720703124,0.00045470374669663366,5.119721412658691,train,,,,,,
6000,2.815770945787374,1.326002960205078,0.0004522339400824915,6.513734817504883,train,,,,,,
6200,2.9096456230931707,1.273777084350586,0.00044976413346834945,7.804354190826416,train,,,,,,
6393,3.0,,,,val,1.3065708875656128,0.6558415841584159,0.6572541325690286,43.7469,173.155,10.835
6400,3.0032856137057027,1.2490424346923827,0.0004472943268542073,7.290249347686768,train,,,,,,
6600,3.0971602910114995,1.1502256774902344,0.0004448245202400652,8.20016860961914,train,,,,,,
6800,3.1910349683172963,1.1772343444824218,0.0004423547136259231,8.163687705993652,train,,,,,,
7000,3.284909645623093,1.1354564666748046,0.000439884907011781,8.05322551727295,train,,,,,,
7200,3.37878432292889,1.1397437286376952,0.00043741510039763885,5.864731311798096,train,,,,,,
7400,3.4726590002346867,1.1677149200439454,0.0004349452937834968,4.911591053009033,train,,,,,,
7600,3.5665336775404834,1.1647118377685546,0.00043247548716935464,7.581872463226318,train,,,,,,
7800,3.6604083548462802,1.1269063568115234,0.00043000568055521257,7.176262378692627,train,,,,,,
8000,3.754283032152077,1.1738396453857423,0.0004275358739410704,14.407930374145508,train,,,,,,
8200,3.848157709457874,1.1340169525146484,0.0004250660673269283,9.006390571594238,train,,,,,,
8400,3.9420323867636706,1.1351126861572265,0.0004225962607127862,4.651966094970703,train,,,,,,
8524,4.0,,,,val,1.134501338005066,0.6995379537953795,0.6984661951732256,41.7403,181.479,11.356
8600,4.035672377376203,1.0460237884521484,0.0004201264540986441,5.296316146850586,train,,,,,,
8800,4.129547054682,0.9489511108398437,0.00041765664748450197,7.54755163192749,train,,,,,,
9000,4.223421731987797,0.9670585632324219,0.00041518684087035984,5.411653995513916,train,,,,,,
9200,4.3172964092935935,0.9725940704345704,0.00041271703425621776,7.154312610626221,train,,,,,,
9400,4.41117108659939,0.9836676788330078,0.00041024722764207563,5.826914310455322,train,,,,,,
9600,4.505045763905187,1.0048770141601562,0.0004077774210279335,5.479079246520996,train,,,,,,
9800,4.598920441210983,0.9807611846923828,0.00040530761441379137,6.599370956420898,train,,,,,,
10000,4.69279511851678,0.990087890625,0.0004028378077996493,6.212977886199951,train,,,,,,
10200,4.786669795822577,0.9748357391357422,0.0004003680011855072,6.009653091430664,train,,,,,,
10400,4.880544473128373,0.9743044281005859,0.00039789819457136503,6.349695205688477,train,,,,,,
10600,4.97441915043417,1.0175480651855469,0.00039542838795722296,5.073585510253906,train,,,,,,
10655,5.0,,,,val,1.0537890195846558,0.721980198019802,0.7216277767403214,42.7263,177.291,11.094
10800,5.068059141046703,0.9092568206787109,0.0003929585813430808,5.297815322875977,train,,,,,,
11000,5.1619338183525,0.8475627899169922,0.00039048877472893875,7.121070861816406,train,,,,,,
11200,5.255808495658296,0.8222863006591797,0.0003880189681147966,6.690310478210449,train,,,,,,
11400,5.349683172964093,0.8798450469970703,0.0003855491615006545,7.775208950042725,train,,,,,,
11600,5.443557850269889,0.8338687896728516,0.0003830793548865124,8.45789623260498,train,,,,,,
11800,5.537432527575686,0.829527359008789,0.0003806095482723703,5.638484477996826,train,,,,,,
12000,5.631307204881483,0.8824088287353515,0.00037813974165822815,5.489072322845459,train,,,,,,
12200,5.72518188218728,0.8588550567626954,0.000375669935044086,4.552225112915039,train,,,,,,
12400,5.8190565594930765,0.8424628448486328,0.00037320012842994394,4.302175045013428,train,,,,,,
12600,5.912931236798873,0.8785076904296875,0.00037073032181580187,5.999613285064697,train,,,,,,
12786,6.0,,,,val,1.0105098485946655,0.7305610561056105,0.7313551653867727,43.552,173.93,10.884
12800,6.006571227411405,0.8551638793945312,0.0003682605152016597,3.2661094665527344,train,,,,,,
13000,6.100445904717202,0.7025588989257813,0.0003657907085875176,3.1862616539001465,train,,,,,,
13200,6.194320582022999,0.7078432464599609,0.0003633209019733755,5.05319881439209,train,,,,,,
13400,6.288195259328796,0.7262506866455078,0.0003608510953592334,3.6044256687164307,train,,,,,,
13600,6.3820699366345925,0.74085205078125,0.00035838128874509127,8.312313079833984,train,,,,,,
13800,6.475944613940389,0.753167495727539,0.00035591148213094914,5.7472405433654785,train,,,,,,
14000,6.569819291246186,0.7598341369628906,0.00035344167551680706,8.440849304199219,train,,,,,,
14200,6.663693968551983,0.7598895263671875,0.00035097186890266493,5.533924102783203,train,,,,,,
14400,6.75756864585778,0.7592646789550781,0.0003485020622885228,6.391250133514404,train,,,,,,
14600,6.8514433231635765,0.7560279083251953,0.00034603225567438067,5.709188461303711,train,,,,,,
14800,6.945318000469373,0.76945068359375,0.0003435624490602386,5.1213860511779785,train,,,,,,
14917,7.0,,,,val,1.0148264169692993,0.7407260726072608,0.740668814472246,41.4582,182.714,11.433
15000,7.038957991081905,0.6925896453857422,0.0003410926424460965,5.967861175537109,train,,,,,,
15200,7.132832668387702,0.6315912628173828,0.00033862283583195433,3.976539373397827,train,,,,,,
15400,7.226707345693499,0.65664306640625,0.00033615302921781226,4.801867961883545,train,,,,,,
15600,7.320582022999296,0.6475628662109375,0.0003336832226036701,6.352941513061523,train,,,,,,
15800,7.4144567003050925,0.6411032867431641,0.00033121341598952805,5.827982425689697,train,,,,,,
16000,7.508331377610889,0.6346241760253907,0.00032874360937538587,5.234689235687256,train,,,,,,
16200,7.602206054916686,0.6538616180419922,0.0003262738027612438,4.805084228515625,train,,,,,,
16400,7.696080732222483,0.656196060180664,0.0003238039961471017,5.523446083068848,train,,,,,,
16600,7.78995540952828,0.6434794616699219,0.0003213341895329596,5.770176887512207,train,,,,,,
16800,7.8838300868340765,0.6362668228149414,0.00031886438291881745,7.896287441253662,train,,,,,,
17000,7.977704764139873,0.6672930908203125,0.0003163945763046753,6.099015712738037,train,,,,,,
17048,8.0,,,,val,0.9451741576194763,0.7564356435643564,0.7558381264315688,43.092,175.787,11.0
17200,8.071344754752406,0.5433626174926758,0.00031392476969053324,6.76782751083374,train,,,,,,
17400,8.165219432058203,0.5342929840087891,0.00031145496307639117,6.850183010101318,train,,,,,,
17600,8.259094109364,0.5417193603515625,0.000308985156462249,6.313114643096924,train,,,,,,
17800,8.352968786669797,0.5363791275024414,0.0003065153498481069,6.79378080368042,train,,,,,,
18000,8.446843463975593,0.5534931945800782,0.0003040455432339648,4.770577430725098,train,,,,,,
18200,8.54071814128139,0.5611779403686523,0.0003015757366198227,6.1206769943237305,train,,,,,,
18400,8.634592818587187,0.5476939392089843,0.0002991059300056805,5.38479471206665,train,,,,,,
18600,8.728467495892982,0.5592872619628906,0.00029663612339153844,7.224625110626221,train,,,,,,
18800,8.82234217319878,0.541265869140625,0.00029416631677739636,7.273682594299316,train,,,,,,
19000,8.916216850504576,0.5815486907958984,0.00029169651016325423,4.851628303527832,train,,,,,,
19179,9.0,,,,val,0.9200175404548645,0.7648844884488449,0.7651843269547542,42.4741,178.344,11.16
19200,9.00985684111711,0.5591312408447265,0.0002892267035491121,3.504441499710083,train,,,,,,
19400,9.103731518422906,0.42478294372558595,0.00028675689693496997,3.799407958984375,train,,,,,,
19600,9.197606195728703,0.4640973663330078,0.0002842870903208279,4.177920818328857,train,,,,,,
19800,9.2914808730345,0.48070152282714845,0.00028181728370668576,5.455593585968018,train,,,,,,
20000,9.385355550340297,0.46540691375732424,0.00027934747709254363,4.684408664703369,train,,,,,,
20200,9.479230227646092,0.4500070953369141,0.00027687767047840156,6.549627780914307,train,,,,,,
20400,9.57310490495189,0.4850612640380859,0.0002744078638642594,5.217399597167969,train,,,,,,
20600,9.666979582257685,0.46196128845214846,0.00027193805725011735,5.268967628479004,train,,,,,,
20800,9.760854259563482,0.5037754440307617,0.00026946825063597517,5.495481491088867,train,,,,,,
21000,9.854728936869279,0.47394630432128904,0.0002669984440218331,5.445798873901367,train,,,,,,
21200,9.948603614175076,0.46928001403808595,0.000264528637407691,3.997058629989624,train,,,,,,
21310,10.0,,,,val,0.9321299195289612,0.7701650165016501,0.7694779624396426,53.3521,141.981,8.884
21400,10.04224360478761,0.43482112884521484,0.0002620588307935489,7.15608549118042,train,,,,,,
21600,10.136118282093406,0.3717097473144531,0.00025958902417940675,6.831081390380859,train,,,,,,
21800,10.229992959399201,0.3590594482421875,0.0002571192175652646,3.660247325897217,train,,,,,,
22000,10.323867636705,0.3839495849609375,0.00025464941095112254,5.803816795349121,train,,,,,,
22200,10.417742314010795,0.39684356689453126,0.0002521796043369804,6.2802300453186035,train,,,,,,
22400,10.511616991316592,0.41922309875488284,0.0002497097977228383,7.213375091552734,train,,,,,,
22600,10.605491668622388,0.3840401840209961,0.0002472399911086962,5.605298042297363,train,,,,,,
22800,10.699366345928185,0.3832538986206055,0.0002447701844945541,4.836767673492432,train,,,,,,
23000,10.793241023233982,0.41216941833496096,0.00024230037788041197,6.654128074645996,train,,,,,,
23200,10.887115700539779,0.39586639404296875,0.00023983057126626987,3.2592952251434326,train,,,,,,
23400,10.980990377845576,0.3757790756225586,0.00023736076465212774,6.704329013824463,train,,,,,,
23441,11.0,,,,val,0.9378156065940857,0.7762376237623763,0.775846091251389,44.1401,171.613,10.739
23600,11.074630368458108,0.3143048095703125,0.00023489095803798564,6.238135814666748,train,,,,,,
23800,11.168505045763904,0.3073015022277832,0.0002324211514238435,4.502439498901367,train,,,,,,
24000,11.262379723069701,0.3131283187866211,0.0002299513448097014,5.687044620513916,train,,,,,,
24200,11.356254400375498,0.3115170288085938,0.00022748153819555927,3.183976888656616,train,,,,,,
24400,11.450129077681295,0.3201384735107422,0.0002250117315814172,6.21982479095459,train,,,,,,
24600,11.544003754987092,0.30798810958862305,0.00022254192496727506,7.0887298583984375,train,,,,,,
24800,11.637878432292888,0.3142062950134277,0.00022007211835313296,8.240331649780273,train,,,,,,
25000,11.731753109598685,0.31965648651123046,0.00021760231173899083,5.81414794921875,train,,,,,,
25200,11.825627786904482,0.3103706932067871,0.00021513250512484873,3.75179386138916,train,,,,,,
25400,11.919502464210279,0.3280772018432617,0.0002126626985107066,5.539731979370117,train,,,,,,
25572,12.0,,,,val,0.927557647228241,0.7800660066006601,0.780884445525286,27.7629,272.846,17.073
25600,12.01314245482281,0.3221912002563477,0.00021019289189656452,5.633486747741699,train,,,,,,
25800,12.107017132128608,0.21758293151855468,0.0002077230852824224,5.874438285827637,train,,,,,,
26000,12.200891809434404,0.23155046463012696,0.00020525327866828029,5.606097221374512,train,,,,,,
26200,12.294766486740201,0.24001907348632812,0.00020278347205413816,4.6590256690979,train,,,,,,
26400,12.388641164045998,0.27040872573852537,0.00020031366543999605,4.064969539642334,train,,,,,,
26600,12.482515841351795,0.2650164031982422,0.00019784385882585392,3.9369287490844727,train,,,,,,
26800,12.576390518657591,0.26057058334350586,0.00019537405221171185,5.614922046661377,train,,,,,,
27000,12.670265195963388,0.2714781951904297,0.00019290424559756971,2.181208372116089,train,,,,,,
27200,12.764139873269185,0.2377454948425293,0.0001904344389834276,3.494062662124634,train,,,,,,
27400,12.858014550574982,0.25129606246948244,0.00018796463236928548,4.520882606506348,train,,,,,,
27600,12.951889227880779,0.2531470489501953,0.00018549482575514338,2.139073133468628,train,,,,,,
27703,13.0,,,,val,0.9927799701690674,0.7844224422442244,0.7839546325254678,42.2439,179.316,11.221
27800,13.04552921849331,0.21426500320434572,0.00018302501914100125,5.702932834625244,train,,,,,,
28000,13.139403895799108,0.1741211700439453,0.00018055521252685917,6.891336917877197,train,,,,,,
28200,13.233278573104904,0.19327695846557616,0.00017808540591271704,2.885449171066284,train,,,,,,
28400,13.327153250410701,0.2000102233886719,0.00017561559929857494,6.9199419021606445,train,,,,,,
28600,13.421027927716498,0.19153886795043945,0.0001731457926844328,8.530227661132812,train,,,,,,
28800,13.514902605022295,0.18745893478393555,0.0001706759860702907,2.8839025497436523,train,,,,,,
29000,13.608777282328091,0.19654489517211915,0.00016820617945614857,5.914340972900391,train,,,,,,
29200,13.702651959633888,0.20168571472167968,0.00016573637284200647,5.706209659576416,train,,,,,,
29400,13.796526636939685,0.2183930015563965,0.00016326656622786437,9.013416290283203,train,,,,,,
29600,13.890401314245482,0.1899712371826172,0.00016079675961372226,2.4765920639038086,train,,,,,,
29800,13.984275991551279,0.2059834671020508,0.00015832695299958013,3.691797971725464,train,,,,,,
29834,14.0,,,,val,1.06564462184906,0.7801980198019802,0.7820463839411321,62.1169,121.947,7.631
30000,14.07791598216381,0.1439116096496582,0.00015585714638543803,4.570874214172363,train,,,,,,
30200,14.171790659469607,0.1392429256439209,0.0001533873397712959,3.824868679046631,train,,,,,,
30400,14.265665336775404,0.15323807716369628,0.0001509175331571538,2.4904727935791016,train,,,,,,
30600,14.359540014081201,0.14036492347717286,0.0001484477265430117,7.780496120452881,train,,,,,,
30800,14.453414691386998,0.14715822219848632,0.0001459779199288696,0.37402814626693726,train,,,,,,
31000,14.547289368692795,0.1530384349822998,0.00014350811331472746,6.711147308349609,train,,,,,,
31200,14.641164045998591,0.1479923629760742,0.00014103830670058535,0.5513721108436584,train,,,,,,
31400,14.735038723304388,0.1460507583618164,0.00013856850008644322,5.813977241516113,train,,,,,,
31600,14.828913400610185,0.1341481876373291,0.00013609869347230112,7.184911727905273,train,,,,,,
31800,14.922788077915982,0.15903546333312987,0.00013362888685815902,6.948553085327148,train,,,,,,
31965,15.0,,,,val,1.1116266250610352,0.7882508250825082,0.7889100664458114,44.3554,170.78,10.686
32000,15.016428068528514,0.13994942665100096,0.0001311590802440169,1.9554235935211182,train,,,,,,
32200,15.11030274583431,0.09226313591003418,0.00012868927362987478,5.342939853668213,train,,,,,,
32400,15.204177423140107,0.10596185684204101,0.00012621946701573268,3.017143487930298,train,,,,,,
32600,15.298052100445904,0.10513494491577148,0.00012374966040159055,1.1626523733139038,train,,,,,,
32800,15.391926777751701,0.11003844261169433,0.00012127985378744844,6.2545037269592285,train,,,,,,
33000,15.485801455057498,0.10864495277404786,0.00011881004717330633,2.313481330871582,train,,,,,,
33200,15.579676132363295,0.10789017677307129,0.00011634024055916421,1.7218222618103027,train,,,,,,
33400,15.673550809669091,0.1044644546508789,0.0001138704339450221,4.261611461639404,train,,,,,,
33600,15.767425486974888,0.1044411563873291,0.00011140062733087999,0.797471284866333,train,,,,,,
33800,15.861300164280685,0.11285380363464355,0.00010893082071673787,4.90695858001709,train,,,,,,
34000,15.955174841586482,0.10906450271606445,0.00010646101410259577,0.967769205570221,train,,,,,,
34096,16.0,,,,val,1.1088433265686035,0.7935313531353135,0.7931908271325141,42.3641,178.807,11.189
34200,16.048814832199014,0.09564416885375976,0.00010399120748845365,1.647351622581482,train,,,,,,
34400,16.142689509504812,0.06335421085357666,0.00010152140087431153,3.651440382003784,train,,,,,,
34600,16.236564186810607,0.07340754508972168,9.905159426016943e-05,3.543275833129883,train,,,,,,
34800,16.330438864116406,0.07392960548400879,9.658178764602731e-05,0.47002097964286804,train,,,,,,
35000,16.4243135414222,0.07998345375061035,9.41119810318852e-05,2.142683506011963,train,,,,,,
35200,16.518188218728,0.0818405532836914,9.16421744177431e-05,4.7148637771606445,train,,,,,,
35400,16.612062896033795,0.08116589546203613,8.917236780360098e-05,6.504773139953613,train,,,,,,
35600,16.705937573339593,0.07946536540985108,8.670256118945886e-05,1.1699522733688354,train,,,,,,
35800,16.799812250645388,0.06306408882141114,8.423275457531676e-05,3.500490188598633,train,,,,,,
36000,16.893686927951187,0.06928455829620361,8.176294796117464e-05,1.51699960231781,train,,,,,,
36200,16.987561605256982,0.0711274003982544,7.929314134703252e-05,0.4017268419265747,train,,,,,,
36227,17.0,,,,val,1.1321027278900146,0.805940594059406,0.8062925121906664,42.7575,177.162,11.086
36400,17.081201595869516,0.05950200080871582,7.68233347328904e-05,1.5979915857315063,train,,,,,,
36600,17.17507627317531,0.05031221866607666,7.43535281187483e-05,0.4080196022987366,train,,,,,,
36800,17.26895095048111,0.048945832252502444,7.188372150460619e-05,0.1506480723619461,train,,,,,,
37000,17.362825627786904,0.056850528717041014,6.941391489046407e-05,1.6304148435592651,train,,,,,,
37200,17.456700305092703,0.05584039688110352,6.694410827632196e-05,5.390476226806641,train,,,,,,
37400,17.550574982398498,0.05511849403381348,6.447430166217985e-05,4.87371826171875,train,,,,,,
37600,17.644449659704296,0.05332438468933105,6.200449504803774e-05,3.6921651363372803,train,,,,,,
37800,17.73832433701009,0.044281291961669925,5.953468843389563e-05,3.7353157997131348,train,,,,,,
38000,17.83219901431589,0.04348029613494873,5.706488181975352e-05,2.175792694091797,train,,,,,,
38200,17.926073691621685,0.048040966987609866,5.459507520561141e-05,0.7868256568908691,train,,,,,,
38358,18.0,,,,val,1.1828911304473877,0.8093729372937294,0.8091537986789474,42.6882,177.449,11.104
38400,18.01971368223422,0.05004593849182129,5.212526859146929e-05,0.4184463918209076,train,,,,,,
38600,18.113588359540014,0.030809812545776367,4.965546197732718e-05,2.4406912326812744,train,,,,,,
38800,18.207463036845812,0.03127739191055298,4.718565536318507e-05,6.6277289390563965,train,,,,,,
39000,18.301337714151607,0.03604822874069214,4.471584874904295e-05,0.5546642541885376,train,,,,,,
39200,18.395212391457406,0.028928804397583007,4.224604213490084e-05,0.24931415915489197,train,,,,,,
39400,18.4890870687632,0.03252143144607544,3.977623552075873e-05,1.2189507484436035,train,,,,,,
39600,18.582961746069,0.0372959566116333,3.730642890661661e-05,0.665651798248291,train,,,,,,
39800,18.676836423374795,0.02915663480758667,3.48366222924745e-05,2.01668381690979,train,,,,,,
40000,18.770711100680593,0.02724402666091919,3.236681567833238e-05,1.5857640504837036,train,,,,,,
40200,18.864585777986388,0.03236812353134155,2.9897009064190274e-05,0.27048200368881226,train,,,,,,
40400,18.958460455292183,0.029254553318023683,2.742720245004816e-05,4.740762233734131,train,,,,,,
40489,19.0,,,,val,1.2248005867004395,0.8102970297029704,0.8103896864886075,56.6835,133.637,8.362
40600,19.052100445904717,0.021954033374786377,2.495739583590605e-05,1.5724537372589111,train,,,,,,
40800,19.145975123210516,0.02008729934692383,2.2487589221763937e-05,0.2536677420139313,train,,,,,,
41000,19.23984980051631,0.023287646770477295,2.0017782607621823e-05,0.03078245185315609,train,,,,,,
41200,19.33372447782211,0.01693268060684204,1.7547975993479713e-05,0.11105890572071075,train,,,,,,
41400,19.427599155127904,0.01729337453842163,1.50781693793376e-05,0.7205397486686707,train,,,,,,
41600,19.521473832433703,0.023783435821533205,1.2608362765195486e-05,0.09679243713617325,train,,,,,,
41800,19.615348509739498,0.015910730361938477,1.0138556151053374e-05,0.354155570268631,train,,,,,,
42000,19.709223187045296,0.01804175853729248,7.66874953691126e-06,0.056182313710451126,train,,,,,,
42200,19.80309786435109,0.02074531316757202,5.198942922769147e-06,0.044921595603227615,train,,,,,,
42400,19.896972541656886,0.018899729251861574,2.7291363086270346e-06,0.07029494643211365,train,,,,,,
42600,19.990847218962685,0.01934524655342102,2.593296944849218e-07,0.5569708943367004,train,,,,,,
42620,20.0,,,,val,1.2149659395217896,0.8153135313531353,0.8149406265237342,43.3128,174.891,10.944
